 PTC IGES file: mdbt50q-p.igs                                           S      1
1H,,1H;,9HMDBT50Q-P,13Hmdbt50q-p.igs,                                   G      1
52HCreo Parametric by Parametric Technology Corporation,7H2012230,32,   G      2
38,7,38,15,9HMDBT50Q-P,1.,2,2HMM,32768,0.5,15H20180617.222912,          G      3
0.0020593,20.5938,4HJack,7HUnknown,10,0,15H20180617.222912;             G      4
     314       1       1       1       0       0       0       001000200D      1
     314       0       4       1       0                   COLOR       1D      2
     314       2       1       1       0       0       0       001000200D      3
     314       0       1       1       0                   COLOR       2D      4
     314       3       1       1       0       0       0       001000200D      5
     314       0       1       1       0                   COLOR       3D      6
     314       4       1       1       0       0       0       001000200D      7
     314       0       8       1       0                   COLOR       4D      8
     314       5       1       1       0       0       0       001000200D      9
     314       0       8       1       0                   COLOR       5D     10
     314       6       1       1       0       0       0       001000200D     11
     314       0       8       1       0                   COLOR       6D     12
     314       7       1       1       0       0       0       001000200D     13
     314       0       8       1       0                   COLOR       7D     14
     314       8       1       1       0       0       0       001000200D     15
     314       0       5       1       0                   COLOR       8D     16
     314       9       1       1       0       0       0       001000200D     17
     314       0       8       1       0                   COLOR       9D     18
     110      10       1       1       0       0       0       001010000D     19
     110       0       0       1       0                    LINE       1D     20
     110      11       1       1       0       0       0       001010000D     21
     110       0       0       1       0                    LINE       2D     22
     110      12       1       1       0       0       0       001010000D     23
     110       0       0       1       0                    LINE       3D     24
     110      13       1       1       0       0       0       001010000D     25
     110       0       0       1       0                    LINE       4D     26
     124      14       1       1       0       0       0       001000000D     27
     124       0       0       1       0                   XFORM       1D     28
     100      15       1       1       0       0      27       001010000D     29
     100       0       0       1       0                     ARC       1D     30
     110      16       1       1       0       0       0       001010000D     31
     110       0       0       1       0                    LINE       5D     32
     124      17       1       1       0       0       0       001000000D     33
     124       0       0       1       0                   XFORM       2D     34
     100      18       1       1       0       0      33       001010000D     35
     100       0       0       1       0                     ARC       2D     36
     110      19       1       1       0       0       0       001010000D     37
     110       0       0       1       0                    LINE       6D     38
     110      20       1       1       0       0       0       001010000D     39
     110       0       0       1       0                    LINE       7D     40
     110      21       1       1       0       0       0       001010000D     41
     110       0       0       1       0                    LINE       8D     42
     110      22       1       1       0       0       0       001010000D     43
     110       0       0       1       0                    LINE       9D     44
     110      23       1       1       0       0       0       001010000D     45
     110       0       0       1       0                    LINE      10D     46
     110      24       1       1       0       0       0       001010000D     47
     110       0       0       1       0                    LINE      11D     48
     110      25       1       1       0       0       0       001010000D     49
     110       0       0       1       0                    LINE      12D     50
     110      26       1       1       0       0       0       001010000D     51
     110       0       0       1       0                    LINE      13D     52
     110      27       1       1       0       0       0       001010000D     53
     110       0       0       1       0                    LINE      14D     54
     110      28       1       1       0       0       0       001010000D     55
     110       0       0       1       0                    LINE      15D     56
     110      29       1       1       0       0       0       001010000D     57
     110       0       0       1       0                    LINE      16D     58
     110      30       1       1       0       0       0       001010000D     59
     110       0       0       1       0                    LINE      17D     60
     110      31       1       1       0       0       0       001010000D     61
     110       0       0       1       0                    LINE      18D     62
     124      32       1       1       0       0       0       001000000D     63
     124       0       0       1       0                   XFORM       3D     64
     100      33       1       1       0       0      63       001010000D     65
     100       0       0       1       0                     ARC       3D     66
     110      34       1       1       0       0       0       001010000D     67
     110       0       0       1       0                    LINE      19D     68
     124      35       1       1       0       0       0       001000000D     69
     124       0       0       1       0                   XFORM       4D     70
     100      36       1       1       0       0      69       001010000D     71
     100       0       0       1       0                     ARC       4D     72
     110      37       1       1       0       0       0       001010000D     73
     110       0       0       1       0                    LINE      20D     74
     110      38       1       1       0       0       0       001010000D     75
     110       0       0       1       0                    LINE      21D     76
     110      39       1       1       0       0       0       001010000D     77
     110       0       0       1       0                    LINE      22D     78
     110      40       1       1       0       0       0       001010000D     79
     110       0       0       1       0                    LINE      23D     80
     110      41       1       1       0       0       0       001010000D     81
     110       0       0       1       0                    LINE      24D     82
     110      42       1       1       0       0       0       001010000D     83
     110       0       0       1       0                    LINE      25D     84
     110      43       1       1       0       0       0       001010000D     85
     110       0       0       1       0                    LINE      26D     86
     110      44       1       1       0       0       0       001010000D     87
     110       0       0       1       0                    LINE      27D     88
     110      45       1       1       0       0       0       001010000D     89
     110       0       0       1       0                    LINE      28D     90
     110      46       1       1       0       0       0       001010000D     91
     110       0       0       1       0                    LINE      29D     92
     110      47       1       1       0       0       0       001010000D     93
     110       0       0       1       0                    LINE      30D     94
     110      48       1       1       0       0       0       001010000D     95
     110       0       0       1       0                    LINE      31D     96
     110      49       1       1       0       0       0       001010000D     97
     110       0       0       1       0                    LINE      32D     98
     110      50       1       1       0       0       0       001010000D     99
     110       0       0       1       0                    LINE      33D    100
     110      51       1       1       0       0       0       001010000D    101
     110       0       0       1       0                    LINE      34D    102
     110      52       1       1       0       0       0       001010000D    103
     110       0       0       1       0                    LINE      35D    104
     110      53       1       1       0       0       0       001010000D    105
     110       0       0       1       0                    LINE      36D    106
     110      54       1       1       0       0       0       001010000D    107
     110       0       0       1       0                    LINE      37D    108
     110      55       1       1       0       0       0       001010000D    109
     110       0       0       1       0                    LINE      38D    110
     110      56       1       1       0       0       0       001010000D    111
     110       0       0       1       0                    LINE      39D    112
     110      57       1       1       0       0       0       001010000D    113
     110       0       0       1       0                    LINE      40D    114
     110      58       1       1       0       0       0       001010000D    115
     110       0       0       1       0                    LINE      41D    116
     110      59       1       1       0       0       0       001010000D    117
     110       0       0       1       0                    LINE      42D    118
     110      60       1       1       0       0       0       001010000D    119
     110       0       0       1       0                    LINE      43D    120
     110      61       1       1       0       0       0       001010000D    121
     110       0       0       1       0                    LINE      44D    122
     124      62       1       1       0       0       0       001000000D    123
     124       0       0       1       0                   XFORM       5D    124
     100      63       1       1       0       0     123       001010000D    125
     100       0       0       1       0                     ARC       5D    126
     110      64       1       1       0       0       0       001010000D    127
     110       0       0       1       0                    LINE      45D    128
     110      65       1       1       0       0       0       001010000D    129
     110       0       0       1       0                    LINE      46D    130
     124      66       1       1       0       0       0       001000000D    131
     124       0       0       1       0                   XFORM       6D    132
     100      67       1       1       0       0     131       001010000D    133
     100       0       0       1       0                     ARC       6D    134
     110      68       1       1       0       0       0       001010000D    135
     110       0       0       1       0                    LINE      47D    136
     110      69       1       1       0       0       0       001010000D    137
     110       0       0       1       0                    LINE      48D    138
     110      70       1       1       0       0       0       001010000D    139
     110       0       0       1       0                    LINE      49D    140
     110      71       1       1       0       0       0       001010000D    141
     110       0       0       1       0                    LINE      50D    142
     110      72       1       1       0       0       0       001010000D    143
     110       0       0       1       0                    LINE      51D    144
     110      73       1       1       0       0       0       001010000D    145
     110       0       0       1       0                    LINE      52D    146
     110      74       1       1       0       0       0       001010000D    147
     110       0       0       1       0                    LINE      53D    148
     110      75       1       1       0       0       0       001010000D    149
     110       0       0       1       0                    LINE      54D    150
     124      76       1       1       0       0       0       001000000D    151
     124       0       0       2       0                   XFORM       7D    152
     100      78       1       1       0       0     151       001010000D    153
     100       0       0       1       0                     ARC       7D    154
     124      79       1       1       0       0       0       001000000D    155
     124       0       0       2       0                   XFORM       8D    156
     100      81       1       1       0       0     155       001010000D    157
     100       0       0       1       0                     ARC       8D    158
     110      82       1       1       0       0       0       001010000D    159
     110       0       0       1       0                    LINE      55D    160
     124      83       1       1       0       0       0       001000000D    161
     124       0       0       2       0                   XFORM       9D    162
     100      85       1       1       0       0     161       001010000D    163
     100       0       0       1       0                     ARC       9D    164
     110      86       1       1       0       0       0       001010000D    165
     110       0       0       1       0                    LINE      56D    166
     124      87       1       1       0       0       0       001000000D    167
     124       0       0       2       0                   XFORM      10D    168
     100      89       1       1       0       0     167       001010000D    169
     100       0       0       1       0                     ARC      10D    170
     110      90       1       1       0       0       0       001010000D    171
     110       0       0       1       0                    LINE      57D    172
     110      91       1       1       0       0       0       001010000D    173
     110       0       0       1       0                    LINE      58D    174
     110      92       1       1       0       0       0       001010000D    175
     110       0       0       1       0                    LINE      59D    176
     110      93       1       1       0       0       0       001010000D    177
     110       0       0       1       0                    LINE      60D    178
     110      94       1       1       0       0       0       001010000D    179
     110       0       0       1       0                    LINE      61D    180
     124      95       1       1       0       0       0       001000000D    181
     124       0       0       2       0                   XFORM      11D    182
     100      97       1       1       0       0     181       001010000D    183
     100       0       0       1       0                     ARC      11D    184
     124      98       1       1       0       0       0       001000000D    185
     124       0       0       2       0                   XFORM      12D    186
     100     100       1       1       0       0     185       001010000D    187
     100       0       0       1       0                     ARC      12D    188
     110     101       1       1       0       0       0       001010000D    189
     110       0       0       1       0                    LINE      62D    190
     124     102       1       1       0       0       0       001000000D    191
     124       0       0       2       0                   XFORM      13D    192
     100     104       1       1       0       0     191       001010000D    193
     100       0       0       1       0                     ARC      13D    194
     124     105       1       1       0       0       0       001000000D    195
     124       0       0       2       0                   XFORM      14D    196
     100     107       1       1       0       0     195       001010000D    197
     100       0       0       1       0                     ARC      14D    198
     124     108       1       1       0       0       0       001000000D    199
     124       0       0       2       0                   XFORM      15D    200
     100     110       1       1       0       0     199       001010000D    201
     100       0       0       1       0                     ARC      15D    202
     124     111       1       1       0       0       0       001000000D    203
     124       0       0       2       0                   XFORM      16D    204
     100     113       1       1       0       0     203       001010000D    205
     100       0       0       1       0                     ARC      16D    206
     124     114       1       1       0       0       0       001000000D    207
     124       0       0       2       0                   XFORM      17D    208
     100     116       1       1       0       0     207       001010000D    209
     100       0       0       1       0                     ARC      17D    210
     110     117       1       1       0       0       0       001010000D    211
     110       0       0       1       0                    LINE      63D    212
     110     118       1       1       0       0       0       001010000D    213
     110       0       0       1       0                    LINE      64D    214
     124     119       1       1       0       0       0       001000000D    215
     124       0       0       2       0                   XFORM      18D    216
     100     121       1       1       0       0     215       001010000D    217
     100       0       0       1       0                     ARC      18D    218
     124     122       1       1       0       0       0       001000000D    219
     124       0       0       2       0                   XFORM      19D    220
     100     124       1       1       0       0     219       001010000D    221
     100       0       0       1       0                     ARC      19D    222
     124     125       1       1       0       0       0       001000000D    223
     124       0       0       2       0                   XFORM      20D    224
     100     127       1       1       0       0     223       001010000D    225
     100       0       0       1       0                     ARC      20D    226
     124     128       1       1       0       0       0       001000000D    227
     124       0       0       2       0                   XFORM      21D    228
     100     130       1       1       0       0     227       001010000D    229
     100       0       0       1       0                     ARC      21D    230
     124     131       1       1       0       0       0       001000000D    231
     124       0       0       2       0                   XFORM      22D    232
     100     133       1       1       0       0     231       001010000D    233
     100       0       0       1       0                     ARC      22D    234
     110     134       1       1       0       0       0       001010000D    235
     110       0       0       1       0                    LINE      65D    236
     124     135       1       1       0       0       0       001000000D    237
     124       0       0       2       0                   XFORM      23D    238
     100     137       1       1       0       0     237       001010000D    239
     100       0       0       1       0                     ARC      23D    240
     110     138       1       1       0       0       0       001010000D    241
     110       0       0       1       0                    LINE      66D    242
     124     139       1       1       0       0       0       001000000D    243
     124       0       0       2       0                   XFORM      24D    244
     100     141       1       1       0       0     243       001010000D    245
     100       0       0       1       0                     ARC      24D    246
     124     142       1       1       0       0       0       001000000D    247
     124       0       0       2       0                   XFORM      25D    248
     100     144       1       1       0       0     247       001010000D    249
     100       0       0       1       0                     ARC      25D    250
     124     145       1       1       0       0       0       001000000D    251
     124       0       0       2       0                   XFORM      26D    252
     100     147       1       1       0       0     251       001010000D    253
     100       0       0       1       0                     ARC      26D    254
     124     148       1       1       0       0       0       001000000D    255
     124       0       0       2       0                   XFORM      27D    256
     100     150       1       1       0       0     255       001010000D    257
     100       0       0       1       0                     ARC      27D    258
     124     151       1       1       0       0       0       001000000D    259
     124       0       0       2       0                   XFORM      28D    260
     100     153       1       1       0       0     259       001010000D    261
     100       0       0       1       0                     ARC      28D    262
     110     154       1       1       0       0       0       001010000D    263
     110       0       0       1       0                    LINE      67D    264
     124     155       1       1       0       0       0       001000000D    265
     124       0       0       1       0                   XFORM      29D    266
     100     156       1       1       0       0     265       001010000D    267
     100       0       0       1       0                     ARC      29D    268
     110     157       1       1       0       0       0       001010000D    269
     110       0       0       1       0                    LINE      68D    270
     110     158       1       1       0       0       0       001010000D    271
     110       0       0       1       0                    LINE      69D    272
     110     159       1       1       0       0       0       001010000D    273
     110       0       0       1       0                    LINE      70D    274
     110     160       1       1       0       0       0       001010000D    275
     110       0       0       1       0                    LINE      71D    276
     110     161       1       1       0       0       0       001010000D    277
     110       0       0       1       0                    LINE      72D    278
     110     162       1       1       0       0       0       001010000D    279
     110       0       0       1       0                    LINE      73D    280
     110     163       1       1       0       0       0       001010000D    281
     110       0       0       1       0                    LINE      74D    282
     110     164       1       1       0       0       0       001010000D    283
     110       0       0       1       0                    LINE      75D    284
     110     165       1       1       0       0       0       001010000D    285
     110       0       0       1       0                    LINE      76D    286
     110     166       1       1       0       0       0       001010000D    287
     110       0       0       1       0                    LINE      77D    288
     110     167       1       1       0       0       0       001010000D    289
     110       0       0       1       0                    LINE      78D    290
     110     168       1       1       0       0       0       001010000D    291
     110       0       0       1       0                    LINE      79D    292
     110     169       1       1       0       0       0       001010000D    293
     110       0       0       1       0                    LINE      80D    294
     110     170       1       1       0       0       0       001010000D    295
     110       0       0       1       0                    LINE      81D    296
     110     171       1       1       0       0       0       001010000D    297
     110       0       0       1       0                    LINE      82D    298
     110     172       1       1       0       0       0       001010000D    299
     110       0       0       1       0                    LINE      83D    300
     110     173       1       1       0       0       0       001010000D    301
     110       0       0       1       0                    LINE      84D    302
     110     174       1       1       0       0       0       001010000D    303
     110       0       0       1       0                    LINE      85D    304
     124     175       1       1       0       0       0       001000000D    305
     124       0       0       2       0                   XFORM      30D    306
     100     177       1       1       0       0     305       001010000D    307
     100       0       0       1       0                     ARC      30D    308
     124     178       1       1       0       0       0       001000000D    309
     124       0       0       2       0                   XFORM      31D    310
     100     180       1       1       0       0     309       001010000D    311
     100       0       0       1       0                     ARC      31D    312
     110     181       1       1       0       0       0       001010000D    313
     110       0       0       1       0                    LINE      86D    314
     124     182       1       1       0       0       0       001000000D    315
     124       0       0       2       0                   XFORM      32D    316
     100     184       1       1       0       0     315       001010000D    317
     100       0       0       1       0                     ARC      32D    318
     124     185       1       1       0       0       0       001000000D    319
     124       0       0       2       0                   XFORM      33D    320
     100     187       1       1       0       0     319       001010000D    321
     100       0       0       1       0                     ARC      33D    322
     124     188       1       1       0       0       0       001000000D    323
     124       0       0       2       0                   XFORM      34D    324
     100     190       1       1       0       0     323       001010000D    325
     100       0       0       1       0                     ARC      34D    326
     110     191       1       1       0       0       0       001010000D    327
     110       0       0       1       0                    LINE      87D    328
     124     192       1       1       0       0       0       001000000D    329
     124       0       0       1       0                   XFORM      35D    330
     100     193       1       1       0       0     329       001010000D    331
     100       0       0       1       0                     ARC      35D    332
     110     194       1       1       0       0       0       001010000D    333
     110       0       0       1       0                    LINE      88D    334
     110     195       1       1       0       0       0       001010000D    335
     110       0       0       1       0                    LINE      89D    336
     110     196       1       1       0       0       0       001010000D    337
     110       0       0       1       0                    LINE      90D    338
     110     197       1       1       0       0       0       001010000D    339
     110       0       0       1       0                    LINE      91D    340
     124     198       1       1       0       0       0       001000000D    341
     124       0       0       2       0                   XFORM      36D    342
     100     200       1       1       0       0     341       001010000D    343
     100       0       0       1       0                     ARC      36D    344
     110     201       1       1       0       0       0       001010000D    345
     110       0       0       1       0                    LINE      92D    346
     110     202       1       1       0       0       0       001010000D    347
     110       0       0       1       0                    LINE      93D    348
     110     203       1       1       0       0       0       001010000D    349
     110       0       0       1       0                    LINE      94D    350
     124     204       1       1       0       0       0       001000000D    351
     124       0       0       2       0                   XFORM      37D    352
     100     206       1       1       0       0     351       001010000D    353
     100       0       0       1       0                     ARC      37D    354
     110     207       1       1       0       0       0       001010000D    355
     110       0       0       1       0                    LINE      95D    356
     110     208       1       1       0       0       0       001010000D    357
     110       0       0       1       0                    LINE      96D    358
     110     209       1       1       0       0       0       001010000D    359
     110       0       0       1       0                    LINE      97D    360
     110     210       1       1       0       0       0       001010000D    361
     110       0       0       1       0                    LINE      98D    362
     110     211       1       1       0       0       0       001010000D    363
     110       0       0       1       0                    LINE      99D    364
     110     212       1       1       0       0       0       001010000D    365
     110       0       0       1       0                    LINE     100D    366
     110     213       1       1       0       0       0       001010000D    367
     110       0       0       1       0                    LINE     101D    368
     110     214       1       1       0       0       0       001010000D    369
     110       0       0       1       0                    LINE     102D    370
     124     215       1       1       0       0       0       001000000D    371
     124       0       0       2       0                   XFORM      38D    372
     100     217       1       1       0       0     371       001010000D    373
     100       0       0       1       0                     ARC      38D    374
     110     218       1       1       0       0       0       001010000D    375
     110       0       0       1       0                    LINE     103D    376
     110     219       1       1       0       0       0       001010000D    377
     110       0       0       1       0                    LINE     104D    378
     110     220       1       1       0       0       0       001010000D    379
     110       0       0       1       0                    LINE     105D    380
     110     221       1       1       0       0       0       001010000D    381
     110       0       0       1       0                    LINE     106D    382
     110     222       1       1       0       0       0       001010000D    383
     110       0       0       1       0                    LINE     107D    384
     110     223       1       1       0       0       0       001010000D    385
     110       0       0       1       0                    LINE     108D    386
     110     224       1       1       0       0       0       001010000D    387
     110       0       0       1       0                    LINE     109D    388
     128     225       1       1       0       0       0       001010000D    389
     128       0       0       4       0                  SPLSRF       1D    390
     102     229       1       1       0       0       0       001010000D    391
     102       0       0       1       0                  CCURVE       1D    392
     110     230       1       1       0       0       0       001010500D    393
     110       0       0       1       0                    LINE     110D    394
     110     231       1       1       0       0       0       001010500D    395
     110       0       0       1       0                    LINE     111D    396
     110     232       1       1       0       0       0       001010500D    397
     110       0       0       1       0                    LINE     112D    398
     110     233       1       1       0       0       0       001010500D    399
     110       0       0       1       0                    LINE     113D    400
     102     234       1       1       0       0       0       001010500D    401
     102       0       0       1       0                  CCURVE       2D    402
     142     235       1       1       0       0       0       001010500D    403
     142       0       0       1       0                  UV_BND       1D    404
     110     236       1       1       0       0       0       001010000D    405
     110       0       0       1       0                    LINE     114D    406
     110     237       1       1       0       0       0       001010000D    407
     110       0       0       1       0                    LINE     115D    408
     102     238       1       1       0       0       0       001010000D    409
     102       0       0       1       0                  CCURVE       3D    410
     126     239       1       1       0       0       0       001010500D    411
     126       0       0      14       0                B_SPLINE       1D    412
     110     253       1       1       0       0       0       001010500D    413
     110       0       0       1       0                    LINE     116D    414
     126     254       1       1       0       0       0       001010500D    415
     126       0       0      14       0                B_SPLINE       2D    416
     110     268       1       1       0       0       0       001010500D    417
     110       0       0       1       0                    LINE     117D    418
     102     269       1       1       0       0       0       001010500D    419
     102       0       0       1       0                  CCURVE       4D    420
     142     270       1       1       0       0       0       001010500D    421
     142       0       0       1       0                  UV_BND       2D    422
     144     271       1       1       0       0       0       000000000D    423
     144       0       0       1       0                 TRM_SRF       1D    424
     128     272       1       1       0       0       0       001010000D    425
     128       0       0       6       0                  SPLSRF       2D    426
     110     278       1       1       0       0       0       001010000D    427
     110       0       0       1       0                    LINE     118D    428
     110     279       1       1       0       0       0       001010000D    429
     110       0       0       1       0                    LINE     119D    430
     102     280       1       1       0       0       0       001010000D    431
     102       0       0       1       0                  CCURVE       5D    432
     110     281       1       1       0       0       0       001010500D    433
     110       0       0       1       0                    LINE     120D    434
     110     282       1       1       0       0       0       001010500D    435
     110       0       0       1       0                    LINE     121D    436
     110     283       1       1       0       0       0       001010500D    437
     110       0       0       1       0                    LINE     122D    438
     110     284       1       1       0       0       0       001010500D    439
     110       0       0       1       0                    LINE     123D    440
     102     285       1       1       0       0       0       001010500D    441
     102       0       0       1       0                  CCURVE       6D    442
     142     286       1       1       0       0       0       001010500D    443
     142       0       0       1       0                  UV_BND       3D    444
     144     287       1       1       0       0       0       000000000D    445
     144       0       0       1       0                 TRM_SRF       2D    446
     128     288       1       1       0       0       0       001010000D    447
     128       0       0       6       0                  SPLSRF       3D    448
     110     294       1       1       0       0       0       001010000D    449
     110       0       0       1       0                    LINE     124D    450
     110     295       1       1       0       0       0       001010000D    451
     110       0       0       1       0                    LINE     125D    452
     102     296       1       1       0       0       0       001010000D    453
     102       0       0       1       0                  CCURVE       7D    454
     110     297       1       1       0       0       0       001010500D    455
     110       0       0       1       0                    LINE     126D    456
     110     298       1       1       0       0       0       001010500D    457
     110       0       0       1       0                    LINE     127D    458
     110     299       1       1       0       0       0       001010500D    459
     110       0       0       1       0                    LINE     128D    460
     110     300       1       1       0       0       0       001010500D    461
     110       0       0       1       0                    LINE     129D    462
     102     301       1       1       0       0       0       001010500D    463
     102       0       0       1       0                  CCURVE       8D    464
     142     302       1       1       0       0       0       001010500D    465
     142       0       0       1       0                  UV_BND       4D    466
     144     303       1       1       0       0       0       000000000D    467
     144       0       0       1       0                 TRM_SRF       3D    468
     128     304       1       1       0       0       0       001010000D    469
     128       0       0       6       0                  SPLSRF       4D    470
     110     310       1       1       0       0       0       001010000D    471
     110       0       0       1       0                    LINE     130D    472
     110     311       1       1       0       0       0       001010000D    473
     110       0       0       1       0                    LINE     131D    474
     102     312       1       1       0       0       0       001010000D    475
     102       0       0       1       0                  CCURVE       9D    476
     110     313       1       1       0       0       0       001010500D    477
     110       0       0       1       0                    LINE     132D    478
     110     314       1       1       0       0       0       001010500D    479
     110       0       0       1       0                    LINE     133D    480
     110     315       1       1       0       0       0       001010500D    481
     110       0       0       1       0                    LINE     134D    482
     110     316       1       1       0       0       0       001010500D    483
     110       0       0       1       0                    LINE     135D    484
     102     317       1       1       0       0       0       001010500D    485
     102       0       0       1       0                  CCURVE      10D    486
     142     318       1       1       0       0       0       001010500D    487
     142       0       0       1       0                  UV_BND       5D    488
     144     319       1       1       0       0       0       000000000D    489
     144       0       0       1       0                 TRM_SRF       4D    490
     128     320       1       1       0       0       0       001010000D    491
     128       0       0       6       0                  SPLSRF       5D    492
     110     326       1       1       0       0       0       001010000D    493
     110       0       0       1       0                    LINE     136D    494
     110     327       1       1       0       0       0       001010000D    495
     110       0       0       1       0                    LINE     137D    496
     102     328       1       1       0       0       0       001010000D    497
     102       0       0       1       0                  CCURVE      11D    498
     110     329       1       1       0       0       0       001010500D    499
     110       0       0       1       0                    LINE     138D    500
     110     330       1       1       0       0       0       001010500D    501
     110       0       0       1       0                    LINE     139D    502
     110     331       1       1       0       0       0       001010500D    503
     110       0       0       1       0                    LINE     140D    504
     110     332       1       1       0       0       0       001010500D    505
     110       0       0       1       0                    LINE     141D    506
     102     333       1       1       0       0       0       001010500D    507
     102       0       0       1       0                  CCURVE      12D    508
     142     334       1       1       0       0       0       001010500D    509
     142       0       0       1       0                  UV_BND       6D    510
     144     335       1       1       0       0       0       000000000D    511
     144       0       0       1       0                 TRM_SRF       5D    512
     128     336       1       1       0       0       0       001010000D    513
     128       0       0       4       0                  SPLSRF       6D    514
     102     340       1       1       0       0       0       001010000D    515
     102       0       0       1       0                  CCURVE      13D    516
     110     341       1       1       0       0       0       001010500D    517
     110       0       0       1       0                    LINE     142D    518
     110     342       1       1       0       0       0       001010500D    519
     110       0       0       1       0                    LINE     143D    520
     110     343       1       1       0       0       0       001010500D    521
     110       0       0       1       0                    LINE     144D    522
     110     344       1       1       0       0       0       001010500D    523
     110       0       0       1       0                    LINE     145D    524
     102     345       1       1       0       0       0       001010500D    525
     102       0       0       1       0                  CCURVE      14D    526
     142     346       1       1       0       0       0       001010500D    527
     142       0       0       1       0                  UV_BND       7D    528
     110     347       1       1       0       0       0       001010000D    529
     110       0       0       1       0                    LINE     146D    530
     110     348       1       1       0       0       0       001010000D    531
     110       0       0       1       0                    LINE     147D    532
     124     349       1       1       0       0       0       001000000D    533
     124       0       0       1       0                   XFORM      39D    534
     100     350       1       1       0       0     533       001010000D    535
     100       0       0       1       0                     ARC      39D    536
     124     351       1       1       0       0       0       001000000D    537
     124       0       0       1       0                   XFORM      40D    538
     100     352       1       1       0       0     537       001010000D    539
     100       0       0       1       0                     ARC      40D    540
     110     353       1       1       0       0       0       001010000D    541
     110       0       0       1       0                    LINE     148D    542
     110     354       1       1       0       0       0       001010000D    543
     110       0       0       1       0                    LINE     149D    544
     110     355       1       1       0       0       0       001010000D    545
     110       0       0       1       0                    LINE     150D    546
     102     356       1       1       0       0       0       001010000D    547
     102       0       0       1       0                  CCURVE      15D    548
     110     357       1       1       0       0       0       001010500D    549
     110       0       0       1       0                    LINE     151D    550
     110     358       1       1       0       0       0       001010500D    551
     110       0       0       1       0                    LINE     152D    552
     126     359       1       1       0       0       0       001010500D    553
     126       0       0       9       0                B_SPLINE       3D    554
     110     368       1       1       0       0       0       001010500D    555
     110       0       0       1       0                    LINE     153D    556
     126     369       1       1       0       0       0       001010500D    557
     126       0       0       9       0                B_SPLINE       4D    558
     110     378       1       1       0       0       0       001010500D    559
     110       0       0       1       0                    LINE     154D    560
     110     379       1       1       0       0       0       001010500D    561
     110       0       0       1       0                    LINE     155D    562
     110     380       1       1       0       0       0       001010500D    563
     110       0       0       1       0                    LINE     156D    564
     102     381       1       1       0       0       0       001010500D    565
     102       0       0       1       0                  CCURVE      16D    566
     142     382       1       1       0       0       0       001010500D    567
     142       0       0       1       0                  UV_BND       8D    568
     110     383       1       1       0       0       0       001010000D    569
     110       0       0       1       0                    LINE     157D    570
     110     384       1       1       0       0       0       001010000D    571
     110       0       0       1       0                    LINE     158D    572
     110     385       1       1       0       0       0       001010000D    573
     110       0       0       1       0                    LINE     159D    574
     110     386       1       1       0       0       0       001010000D    575
     110       0       0       1       0                    LINE     160D    576
     110     387       1       1       0       0       0       001010000D    577
     110       0       0       1       0                    LINE     161D    578
     110     388       1       1       0       0       0       001010000D    579
     110       0       0       1       0                    LINE     162D    580
     110     389       1       1       0       0       0       001010000D    581
     110       0       0       1       0                    LINE     163D    582
     110     390       1       1       0       0       0       001010000D    583
     110       0       0       1       0                    LINE     164D    584
     110     391       1       1       0       0       0       001010000D    585
     110       0       0       1       0                    LINE     165D    586
     110     392       1       1       0       0       0       001010000D    587
     110       0       0       1       0                    LINE     166D    588
     110     393       1       1       0       0       0       001010000D    589
     110       0       0       1       0                    LINE     167D    590
     102     394       1       1       0       0       0       001010000D    591
     102       0       0       2       0                  CCURVE      17D    592
     110     396       1       1       0       0       0       001010500D    593
     110       0       0       1       0                    LINE     168D    594
     110     397       1       1       0       0       0       001010500D    595
     110       0       0       1       0                    LINE     169D    596
     126     398       1       1       0       0       0       001010500D    597
     126       0       0       6       0                B_SPLINE       5D    598
     110     404       1       1       0       0       0       001010500D    599
     110       0       0       1       0                    LINE     170D    600
     126     405       1       1       0       0       0       001010500D    601
     126       0       0       6       0                B_SPLINE       6D    602
     110     411       1       1       0       0       0       001010500D    603
     110       0       0       1       0                    LINE     171D    604
     110     412       1       1       0       0       0       001010500D    605
     110       0       0       1       0                    LINE     172D    606
     126     413       1       1       0       0       0       001010500D    607
     126       0       0       6       0                B_SPLINE       7D    608
     110     419       1       1       0       0       0       001010500D    609
     110       0       0       1       0                    LINE     173D    610
     110     420       1       1       0       0       0       001010500D    611
     110       0       0       1       0                    LINE     174D    612
     110     421       1       1       0       0       0       001010500D    613
     110       0       0       1       0                    LINE     175D    614
     126     422       1       1       0       0       0       001010500D    615
     126       0       0       6       0                B_SPLINE       8D    616
     110     428       1       1       0       0       0       001010500D    617
     110       0       0       1       0                    LINE     176D    618
     126     429       1       1       0       0       0       001010500D    619
     126       0       0       6       0                B_SPLINE       9D    620
     110     435       1       1       0       0       0       001010500D    621
     110       0       0       1       0                    LINE     177D    622
     110     436       1       1       0       0       0       001010500D    623
     110       0       0       1       0                    LINE     178D    624
     126     437       1       1       0       0       0       001010500D    625
     126       0       0       6       0                B_SPLINE      10D    626
     110     443       1       1       0       0       0       001010500D    627
     110       0       0       1       0                    LINE     179D    628
     110     444       1       1       0       0       0       001010500D    629
     110       0       0       1       0                    LINE     180D    630
     110     445       1       1       0       0       0       001010500D    631
     110       0       0       1       0                    LINE     181D    632
     110     446       1       1       0       0       0       001010500D    633
     110       0       0       1       0                    LINE     182D    634
     110     447       1       1       0       0       0       001010500D    635
     110       0       0       1       0                    LINE     183D    636
     126     448       1       1       0       0       0       001010500D    637
     126       0       0       6       0                B_SPLINE      11D    638
     102     454       1       1       0       0       0       001010500D    639
     102       0       0       2       0                  CCURVE      18D    640
     142     456       1       1       0       0       0       001010500D    641
     142       0       0       1       0                  UV_BND       9D    642
     144     457       1       1       0       0       0       000000000D    643
     144       0       0       1       0                 TRM_SRF       6D    644
     128     458       1       1       0       0       0       001010000D    645
     128       0       0       6       0                  SPLSRF       7D    646
     110     464       1       1       0       0       0       001010000D    647
     110       0       0       1       0                    LINE     184D    648
     110     465       1       1       0       0       0       001010000D    649
     110       0       0       1       0                    LINE     185D    650
     102     466       1       1       0       0       0       001010000D    651
     102       0       0       1       0                  CCURVE      19D    652
     110     467       1       1       0       0       0       001010500D    653
     110       0       0       1       0                    LINE     186D    654
     110     468       1       1       0       0       0       001010500D    655
     110       0       0       1       0                    LINE     187D    656
     110     469       1       1       0       0       0       001010500D    657
     110       0       0       1       0                    LINE     188D    658
     110     470       1       1       0       0       0       001010500D    659
     110       0       0       1       0                    LINE     189D    660
     102     471       1       1       0       0       0       001010500D    661
     102       0       0       1       0                  CCURVE      20D    662
     142     472       1       1       0       0       0       001010500D    663
     142       0       0       1       0                  UV_BND      10D    664
     144     473       1       1       0       0       0       000000000D    665
     144       0       0       1       0                 TRM_SRF       7D    666
     128     474       1       1       0       0       0       001010000D    667
     128       0       0       6       0                  SPLSRF       8D    668
     110     480       1       1       0       0       0       001010000D    669
     110       0       0       1       0                    LINE     190D    670
     110     481       1       1       0       0       0       001010000D    671
     110       0       0       1       0                    LINE     191D    672
     102     482       1       1       0       0       0       001010000D    673
     102       0       0       1       0                  CCURVE      21D    674
     110     483       1       1       0       0       0       001010500D    675
     110       0       0       1       0                    LINE     192D    676
     110     484       1       1       0       0       0       001010500D    677
     110       0       0       1       0                    LINE     193D    678
     110     485       1       1       0       0       0       001010500D    679
     110       0       0       1       0                    LINE     194D    680
     110     486       1       1       0       0       0       001010500D    681
     110       0       0       1       0                    LINE     195D    682
     110     487       1       1       0       0       0       001010500D    683
     110       0       0       1       0                    LINE     196D    684
     110     488       1       1       0       0       0       001010500D    685
     110       0       0       1       0                    LINE     197D    686
     102     489       1       1       0       0       0       001010500D    687
     102       0       0       1       0                  CCURVE      22D    688
     142     490       1       1       0       0       0       001010500D    689
     142       0       0       1       0                  UV_BND      11D    690
     144     491       1       1       0       0       0       000000000D    691
     144       0       0       1       0                 TRM_SRF       8D    692
     128     492       1       1       0       0       0       001010000D    693
     128       0       0       6       0                  SPLSRF       9D    694
     110     498       1       1       0       0       0       001010000D    695
     110       0       0       1       0                    LINE     198D    696
     110     499       1       1       0       0       0       001010000D    697
     110       0       0       1       0                    LINE     199D    698
     102     500       1       1       0       0       0       001010000D    699
     102       0       0       1       0                  CCURVE      23D    700
     110     501       1       1       0       0       0       001010500D    701
     110       0       0       1       0                    LINE     200D    702
     110     502       1       1       0       0       0       001010500D    703
     110       0       0       1       0                    LINE     201D    704
     110     503       1       1       0       0       0       001010500D    705
     110       0       0       1       0                    LINE     202D    706
     110     504       1       1       0       0       0       001010500D    707
     110       0       0       1       0                    LINE     203D    708
     102     505       1       1       0       0       0       001010500D    709
     102       0       0       1       0                  CCURVE      24D    710
     142     506       1       1       0       0       0       001010500D    711
     142       0       0       1       0                  UV_BND      12D    712
     144     507       1       1       0       0       0       000000000D    713
     144       0       0       1       0                 TRM_SRF       9D    714
     128     508       1       1       0       0       0       001010000D    715
     128       0       0       6       0                  SPLSRF      10D    716
     110     514       1       1       0       0       0       001010000D    717
     110       0       0       1       0                    LINE     204D    718
     110     515       1       1       0       0       0       001010000D    719
     110       0       0       1       0                    LINE     205D    720
     102     516       1       1       0       0       0       001010000D    721
     102       0       0       1       0                  CCURVE      25D    722
     110     517       1       1       0       0       0       001010500D    723
     110       0       0       1       0                    LINE     206D    724
     110     518       1       1       0       0       0       001010500D    725
     110       0       0       1       0                    LINE     207D    726
     110     519       1       1       0       0       0       001010500D    727
     110       0       0       1       0                    LINE     208D    728
     110     520       1       1       0       0       0       001010500D    729
     110       0       0       1       0                    LINE     209D    730
     102     521       1       1       0       0       0       001010500D    731
     102       0       0       1       0                  CCURVE      26D    732
     142     522       1       1       0       0       0       001010500D    733
     142       0       0       1       0                  UV_BND      13D    734
     144     523       1       1       0       0       0       000000000D    735
     144       0       0       1       0                 TRM_SRF      10D    736
     128     524       1       1       0       0       0       001010000D    737
     128       0       0       4       0                  SPLSRF      11D    738
     102     528       1       1       0       0       0       001010000D    739
     102       0       0       1       0                  CCURVE      27D    740
     110     529       1       1       0       0       0       001010500D    741
     110       0       0       1       0                    LINE     210D    742
     110     530       1       1       0       0       0       001010500D    743
     110       0       0       1       0                    LINE     211D    744
     110     531       1       1       0       0       0       001010500D    745
     110       0       0       1       0                    LINE     212D    746
     110     532       1       1       0       0       0       001010500D    747
     110       0       0       1       0                    LINE     213D    748
     102     533       1       1       0       0       0       001010500D    749
     102       0       0       1       0                  CCURVE      28D    750
     142     534       1       1       0       0       0       001010500D    751
     142       0       0       1       0                  UV_BND      14D    752
     144     535       1       1       0       0       0       000000000D    753
     144       0       0       1       0                 TRM_SRF      11D    754
     128     536       1       1       0       0       0       001010000D    755
     128       0       0       6       0                  SPLSRF      12D    756
     102     542       1       1       0       0       0       001010000D    757
     102       0       0       1       0                  CCURVE      29D    758
     126     543       1       1       0       0       0       001010500D    759
     126       0       0       9       0                B_SPLINE      12D    760
     110     552       1       1       0       0       0       001010500D    761
     110       0       0       1       0                    LINE     214D    762
     126     553       1       1       0       0       0       001010500D    763
     126       0       0       9       0                B_SPLINE      13D    764
     110     562       1       1       0       0       0       001010500D    765
     110       0       0       1       0                    LINE     215D    766
     102     563       1       1       0       0       0       001010500D    767
     102       0       0       1       0                  CCURVE      30D    768
     142     564       1       1       0       0       0       001010500D    769
     142       0       0       1       0                  UV_BND      15D    770
     144     565       1       1       0       0       0       000000000D    771
     144       0       0       1       0                 TRM_SRF      12D    772
     110     566       1       1       0       0       0       001010000D    773
     110       0       0       1       0                    LINE     216D    774
     110     567       1       1       0       0       0       001010000D    775
     110       0       0       2       0                    LINE     217D    776
     120     569       1       1       0       0       0       001010000D    777
     120       0       0       1       0                    SREV       1D    778
     102     570       1       1       0       0       0       001010000D    779
     102       0       0       1       0                  CCURVE      31D    780
     110     571       1       1       0       0       0       001010500D    781
     110       0       0       2       0                    LINE     218D    782
     110     573       1       1       0       0       0       001010500D    783
     110       0       0       2       0                    LINE     219D    784
     110     575       1       1       0       0       0       001010500D    785
     110       0       0       2       0                    LINE     220D    786
     110     577       1       1       0       0       0       001010500D    787
     110       0       0       2       0                    LINE     221D    788
     110     579       1       1       0       0       0       001010500D    789
     110       0       0       2       0                    LINE     222D    790
     102     581       1       1       0       0       0       001010500D    791
     102       0       0       1       0                  CCURVE      32D    792
     142     582       1       1       0       0       0       001010500D    793
     142       0       0       1       0                  UV_BND      16D    794
     144     583       1       1       0       0       0       000000000D    795
     144       0       0       1       0                 TRM_SRF      13D    796
     128     584       1       1       0       0       0       001010000D    797
     128       0       0       6       0                  SPLSRF      13D    798
     102     590       1       1       0       0       0       001010000D    799
     102       0       0       1       0                  CCURVE      33D    800
     110     591       1       1       0       0       0       001010500D    801
     110       0       0       1       0                    LINE     223D    802
     110     592       1       1       0       0       0       001010500D    803
     110       0       0       1       0                    LINE     224D    804
     110     593       1       1       0       0       0       001010500D    805
     110       0       0       1       0                    LINE     225D    806
     110     594       1       1       0       0       0       001010500D    807
     110       0       0       1       0                    LINE     226D    808
     102     595       1       1       0       0       0       001010500D    809
     102       0       0       1       0                  CCURVE      34D    810
     142     596       1       1       0       0       0       001010500D    811
     142       0       0       1       0                  UV_BND      17D    812
     144     597       1       1       0       0       0       000000000D    813
     144       0       0       1       0                 TRM_SRF      14D    814
     110     598       1       1       0       0       0       001010000D    815
     110       0       0       1       0                    LINE     227D    816
     110     599       1       1       0       0       0       001010000D    817
     110       0       0       2       0                    LINE     228D    818
     120     601       1       1       0       0       0       001010000D    819
     120       0       0       1       0                    SREV       2D    820
     102     602       1       1       0       0       0       001010000D    821
     102       0       0       1       0                  CCURVE      35D    822
     110     603       1       1       0       0       0       001010500D    823
     110       0       0       2       0                    LINE     229D    824
     110     605       1       1       0       0       0       001010500D    825
     110       0       0       2       0                    LINE     230D    826
     110     607       1       1       0       0       0       001010500D    827
     110       0       0       2       0                    LINE     231D    828
     110     609       1       1       0       0       0       001010500D    829
     110       0       0       2       0                    LINE     232D    830
     110     611       1       1       0       0       0       001010500D    831
     110       0       0       2       0                    LINE     233D    832
     102     613       1       1       0       0       0       001010500D    833
     102       0       0       1       0                  CCURVE      36D    834
     142     614       1       1       0       0       0       001010500D    835
     142       0       0       1       0                  UV_BND      18D    836
     144     615       1       1       0       0       0       000000000D    837
     144       0       0       1       0                 TRM_SRF      15D    838
     128     616       1       1       0       0       0       001010000D    839
     128       0       0       6       0                  SPLSRF      14D    840
     110     622       1       1       0       0       0       001010000D    841
     110       0       0       1       0                    LINE     234D    842
     102     623       1       1       0       0       0       001010000D    843
     102       0       0       1       0                  CCURVE      37D    844
     110     624       1       1       0       0       0       001010500D    845
     110       0       0       1       0                    LINE     235D    846
     110     625       1       1       0       0       0       001010500D    847
     110       0       0       1       0                    LINE     236D    848
     110     626       1       1       0       0       0       001010500D    849
     110       0       0       1       0                    LINE     237D    850
     110     627       1       1       0       0       0       001010500D    851
     110       0       0       1       0                    LINE     238D    852
     102     628       1       1       0       0       0       001010500D    853
     102       0       0       1       0                  CCURVE      38D    854
     142     629       1       1       0       0       0       001010500D    855
     142       0       0       1       0                  UV_BND      19D    856
     144     630       1       1       0       0       0       000000000D    857
     144       0       0       1       0                 TRM_SRF      16D    858
     128     631       1       1       0       0       0       001010000D    859
     128       0       0       6       0                  SPLSRF      15D    860
     110     637       1       1       0       0       0       001010000D    861
     110       0       0       1       0                    LINE     239D    862
     110     638       1       1       0       0       0       001010000D    863
     110       0       0       1       0                    LINE     240D    864
     102     639       1       1       0       0       0       001010000D    865
     102       0       0       1       0                  CCURVE      39D    866
     110     640       1       1       0       0       0       001010500D    867
     110       0       0       1       0                    LINE     241D    868
     110     641       1       1       0       0       0       001010500D    869
     110       0       0       1       0                    LINE     242D    870
     110     642       1       1       0       0       0       001010500D    871
     110       0       0       1       0                    LINE     243D    872
     110     643       1       1       0       0       0       001010500D    873
     110       0       0       1       0                    LINE     244D    874
     110     644       1       1       0       0       0       001010500D    875
     110       0       0       1       0                    LINE     245D    876
     110     645       1       1       0       0       0       001010500D    877
     110       0       0       1       0                    LINE     246D    878
     110     646       1       1       0       0       0       001010500D    879
     110       0       0       1       0                    LINE     247D    880
     110     647       1       1       0       0       0       001010500D    881
     110       0       0       1       0                    LINE     248D    882
     102     648       1       1       0       0       0       001010500D    883
     102       0       0       1       0                  CCURVE      40D    884
     142     649       1       1       0       0       0       001010500D    885
     142       0       0       1       0                  UV_BND      20D    886
     144     650       1       1       0       0       0       000000000D    887
     144       0       0       1       0                 TRM_SRF      17D    888
     110     651       1       1       0       0       0       001010000D    889
     110       0       0       1       0                    LINE     249D    890
     110     652       1       1       0       0       0       001010000D    891
     110       0       0       2       0                    LINE     250D    892
     120     654       1       1       0       0       0       001010000D    893
     120       0       0       1       0                    SREV       3D    894
     102     655       1       1       0       0       0       001010000D    895
     102       0       0       1       0                  CCURVE      41D    896
     110     656       1       1       0       0       0       001010500D    897
     110       0       0       2       0                    LINE     251D    898
     110     658       1       1       0       0       0       001010500D    899
     110       0       0       2       0                    LINE     252D    900
     110     660       1       1       0       0       0       001010500D    901
     110       0       0       1       0                    LINE     253D    902
     110     661       1       1       0       0       0       001010500D    903
     110       0       0       2       0                    LINE     254D    904
     102     663       1       1       0       0       0       001010500D    905
     102       0       0       1       0                  CCURVE      42D    906
     142     664       1       1       0       0       0       001010500D    907
     142       0       0       1       0                  UV_BND      21D    908
     144     665       1       1       0       0       0       000000000D    909
     144       0       0       1       0                 TRM_SRF      18D    910
     128     666       1       1       0       0       0       001010000D    911
     128       0       0       5       0                  SPLSRF      16D    912
     110     671       1       1       0       0       0       001010000D    913
     110       0       0       1       0                    LINE     255D    914
     110     672       1       1       0       0       0       001010000D    915
     110       0       0       1       0                    LINE     256D    916
     102     673       1       1       0       0       0       001010000D    917
     102       0       0       1       0                  CCURVE      43D    918
     126     674       1       1       0       0       0       001010500D    919
     126       0       0       6       0                B_SPLINE      14D    920
     110     680       1       1       0       0       0       001010500D    921
     110       0       0       1       0                    LINE     257D    922
     110     681       1       1       0       0       0       001010500D    923
     110       0       0       1       0                    LINE     258D    924
     110     682       1       1       0       0       0       001010500D    925
     110       0       0       1       0                    LINE     259D    926
     110     683       1       1       0       0       0       001010500D    927
     110       0       0       1       0                    LINE     260D    928
     110     684       1       1       0       0       0       001010500D    929
     110       0       0       1       0                    LINE     261D    930
     110     685       1       1       0       0       0       001010500D    931
     110       0       0       1       0                    LINE     262D    932
     110     686       1       1       0       0       0       001010500D    933
     110       0       0       1       0                    LINE     263D    934
     126     687       1       1       0       0       0       001010500D    935
     126       0       0       6       0                B_SPLINE      15D    936
     110     693       1       1       0       0       0       001010500D    937
     110       0       0       1       0                    LINE     264D    938
     126     694       1       1       0       0       0       001010500D    939
     126       0       0       6       0                B_SPLINE      16D    940
     110     700       1       1       0       0       0       001010500D    941
     110       0       0       1       0                    LINE     265D    942
     102     701       1       1       0       0       0       001010500D    943
     102       0       0       1       0                  CCURVE      44D    944
     142     702       1       1       0       0       0       001010500D    945
     142       0       0       1       0                  UV_BND      22D    946
     102     703       1       1       0       0       0       001010000D    947
     102       0       0       1       0                  CCURVE      45D    948
     126     704       1       1       0       0       0       001010500D    949
     126       0       0      17       0                B_SPLINE      17D    950
     126     721       1       1       0       0       0       001010500D    951
     126       0       0      17       0                B_SPLINE      18D    952
     102     738       1       1       0       0       0       001010500D    953
     102       0       0       1       0                  CCURVE      46D    954
     142     739       1       1       0       0       0       001010500D    955
     142       0       0       1       0                  UV_BND      23D    956
     144     740       1       1       0       0       0       000000000D    957
     144       0       0       1       0                 TRM_SRF      19D    958
     110     741       1       1       0       0       0       001010000D    959
     110       0       0       1       0                    LINE     266D    960
     110     742       1       1       0       0       0       001010000D    961
     110       0       0       2       0                    LINE     267D    962
     120     744       1       1       0       0       0       001010000D    963
     120       0       0       1       0                    SREV       4D    964
     110     745       1       1       0       0       0       001010000D    965
     110       0       0       1       0                    LINE     268D    966
     102     746       1       1       0       0       0       001010000D    967
     102       0       0       1       0                  CCURVE      47D    968
     110     747       1       1       0       0       0       001010500D    969
     110       0       0       2       0                    LINE     269D    970
     110     749       1       1       0       0       0       001010500D    971
     110       0       0       2       0                    LINE     270D    972
     110     751       1       1       0       0       0       001010500D    973
     110       0       0       2       0                    LINE     271D    974
     110     753       1       1       0       0       0       001010500D    975
     110       0       0       1       0                    LINE     272D    976
     102     754       1       1       0       0       0       001010500D    977
     102       0       0       1       0                  CCURVE      48D    978
     142     755       1       1       0       0       0       001010500D    979
     142       0       0       1       0                  UV_BND      24D    980
     144     756       1       1       0       0       0       000000000D    981
     144       0       0       1       0                 TRM_SRF      20D    982
     110     757       1       1       0       0       0       001010000D    983
     110       0       0       1       0                    LINE     273D    984
     124     758       1       1       0       0       0       001000000D    985
     124       0       0       4       0                   XFORM      41D    986
     100     762       1       1       0       0     985       001010000D    987
     100       0       0       1       0                     ARC      41D    988
     120     763       1       1       0       0       0       001010000D    989
     120       0       0       1       0                    SREV       5D    990
     124     764       1       1       0       0       0       001000000D    991
     124       0       0       2       0                   XFORM      42D    992
     100     766       1       1       0       0     991       001010000D    993
     100       0       0       1       0                     ARC      42D    994
     124     767       1       1       0       0       0       001000000D    995
     124       0       0       2       0                   XFORM      43D    996
     100     769       1       1       0       0     995       001010000D    997
     100       0       0       1       0                     ARC      43D    998
     102     770       1       1       0       0       0       001010000D    999
     102       0       0       1       0                  CCURVE      49D   1000
     110     771       1       1       0       0       0       001010500D   1001
     110       0       0       2       0                    LINE     274D   1002
     110     773       1       1       0       0       0       001010500D   1003
     110       0       0       2       0                    LINE     275D   1004
     110     775       1       1       0       0       0       001010500D   1005
     110       0       0       2       0                    LINE     276D   1006
     110     777       1       1       0       0       0       001010500D   1007
     110       0       0       2       0                    LINE     277D   1008
     102     779       1       1       0       0       0       001010500D   1009
     102       0       0       1       0                  CCURVE      50D   1010
     142     780       1       1       0       0       0       001010500D   1011
     142       0       0       1       0                  UV_BND      25D   1012
     144     781       1       1       0       0       0       000000000D   1013
     144       0       0       1       0                 TRM_SRF      21D   1014
     128     782       1       1       0       0       0       001010000D   1015
     128       0       0       5       0                  SPLSRF      17D   1016
     102     787       1       1       0       0       0       001010000D   1017
     102       0       0       1       0                  CCURVE      51D   1018
     126     788       1       1       0       0       0       001010500D   1019
     126       0       0      18       0                B_SPLINE      19D   1020
     126     806       1       1       0       0       0       001010500D   1021
     126       0       0      18       0                B_SPLINE      20D   1022
     102     824       1       1       0       0       0       001010500D   1023
     102       0       0       1       0                  CCURVE      52D   1024
     142     825       1       1       0       0       0       001010500D   1025
     142       0       0       1       0                  UV_BND      26D   1026
     124     826       1       1       0       0       0       001000000D   1027
     124       0       0       2       0                   XFORM      44D   1028
     100     828       1       1       0       0    1027       001010000D   1029
     100       0       0       1       0                     ARC      44D   1030
     124     829       1       1       0       0       0       001000000D   1031
     124       0       0       2       0                   XFORM      45D   1032
     100     831       1       1       0       0    1031       001010000D   1033
     100       0       0       1       0                     ARC      45D   1034
     102     832       1       1       0       0       0       001010000D   1035
     102       0       0       1       0                  CCURVE      53D   1036
     126     833       1       1       0       0       0       001010500D   1037
     126       0       0      17       0                B_SPLINE      21D   1038
     126     850       1       1       0       0       0       001010500D   1039
     126       0       0      17       0                B_SPLINE      22D   1040
     102     867       1       1       0       0       0       001010500D   1041
     102       0       0       1       0                  CCURVE      54D   1042
     142     868       1       1       0       0       0       001010500D   1043
     142       0       0       1       0                  UV_BND      27D   1044
     144     869       1       1       0       0       0       000000000D   1045
     144       0       0       1       0                 TRM_SRF      22D   1046
     110     870       1       1       0       0       0       001010000D   1047
     110       0       0       1       0                    LINE     278D   1048
     110     871       1       1       0       0       0       001010000D   1049
     110       0       0       2       0                    LINE     279D   1050
     120     873       1       1       0       0       0       001010000D   1051
     120       0       0       1       0                    SREV       6D   1052
     124     874       1       1       0       0       0       001000000D   1053
     124       0       0       2       0                   XFORM      46D   1054
     100     876       1       1       0       0    1053       001010000D   1055
     100       0       0       1       0                     ARC      46D   1056
     110     877       1       1       0       0       0       001010000D   1057
     110       0       0       1       0                    LINE     280D   1058
     102     878       1       1       0       0       0       001010000D   1059
     102       0       0       1       0                  CCURVE      55D   1060
     110     879       1       1       0       0       0       001010500D   1061
     110       0       0       2       0                    LINE     281D   1062
     110     881       1       1       0       0       0       001010500D   1063
     110       0       0       2       0                    LINE     282D   1064
     110     883       1       1       0       0       0       001010500D   1065
     110       0       0       2       0                    LINE     283D   1066
     110     885       1       1       0       0       0       001010500D   1067
     110       0       0       1       0                    LINE     284D   1068
     102     886       1       1       0       0       0       001010500D   1069
     102       0       0       1       0                  CCURVE      56D   1070
     142     887       1       1       0       0       0       001010500D   1071
     142       0       0       1       0                  UV_BND      28D   1072
     144     888       1       1       0       0       0       000000000D   1073
     144       0       0       1       0                 TRM_SRF      23D   1074
     110     889       1       1       0       0       0       001010000D   1075
     110       0       0       1       0                    LINE     285D   1076
     110     890       1       1       0       0       0       001010000D   1077
     110       0       0       2       0                    LINE     286D   1078
     120     892       1       1       0       0       0       001010000D   1079
     120       0       0       1       0                    SREV       7D   1080
     124     893       1       1       0       0       0       001000000D   1081
     124       0       0       2       0                   XFORM      47D   1082
     100     895       1       1       0       0    1081       001010000D   1083
     100       0       0       1       0                     ARC      47D   1084
     110     896       1       1       0       0       0       001010000D   1085
     110       0       0       1       0                    LINE     287D   1086
     102     897       1       1       0       0       0       001010000D   1087
     102       0       0       1       0                  CCURVE      57D   1088
     110     898       1       1       0       0       0       001010500D   1089
     110       0       0       2       0                    LINE     288D   1090
     110     900       1       1       0       0       0       001010500D   1091
     110       0       0       2       0                    LINE     289D   1092
     110     902       1       1       0       0       0       001010500D   1093
     110       0       0       2       0                    LINE     290D   1094
     110     904       1       1       0       0       0       001010500D   1095
     110       0       0       2       0                    LINE     291D   1096
     102     906       1       1       0       0       0       001010500D   1097
     102       0       0       1       0                  CCURVE      58D   1098
     142     907       1       1       0       0       0       001010500D   1099
     142       0       0       1       0                  UV_BND      29D   1100
     144     908       1       1       0       0       0       000000000D   1101
     144       0       0       1       0                 TRM_SRF      24D   1102
     128     909       1       1       0       0       0       001010000D   1103
     128       0       0       5       0                  SPLSRF      18D   1104
     102     914       1       1       0       0       0       001010000D   1105
     102       0       0       1       0                  CCURVE      59D   1106
     126     915       1       1       0       0       0       001010500D   1107
     126       0       0      17       0                B_SPLINE      23D   1108
     126     932       1       1       0       0       0       001010500D   1109
     126       0       0      17       0                B_SPLINE      24D   1110
     102     949       1       1       0       0       0       001010500D   1111
     102       0       0       1       0                  CCURVE      60D   1112
     142     950       1       1       0       0       0       001010500D   1113
     142       0       0       1       0                  UV_BND      30D   1114
     102     951       1       1       0       0       0       001010000D   1115
     102       0       0       1       0                  CCURVE      61D   1116
     126     952       1       1       0       0       0       001010500D   1117
     126       0       0      14       0                B_SPLINE      25D   1118
     126     966       1       1       0       0       0       001010500D   1119
     126       0       0      14       0                B_SPLINE      26D   1120
     102     980       1       1       0       0       0       001010500D   1121
     102       0       0       1       0                  CCURVE      62D   1122
     142     981       1       1       0       0       0       001010500D   1123
     142       0       0       1       0                  UV_BND      31D   1124
     144     982       1       1       0       0       0       000000000D   1125
     144       0       0       1       0                 TRM_SRF      25D   1126
     110     983       1       1       0       0       0       001010000D   1127
     110       0       0       1       0                    LINE     292D   1128
     110     984       1       1       0       0       0       001010000D   1129
     110       0       0       2       0                    LINE     293D   1130
     120     986       1       1       0       0       0       001010000D   1131
     120       0       0       1       0                    SREV       8D   1132
     110     987       1       1       0       0       0       001010000D   1133
     110       0       0       1       0                    LINE     294D   1134
     102     988       1       1       0       0       0       001010000D   1135
     102       0       0       1       0                  CCURVE      63D   1136
     110     989       1       1       0       0       0       001010500D   1137
     110       0       0       2       0                    LINE     295D   1138
     110     991       1       1       0       0       0       001010500D   1139
     110       0       0       2       0                    LINE     296D   1140
     110     993       1       1       0       0       0       001010500D   1141
     110       0       0       2       0                    LINE     297D   1142
     110     995       1       1       0       0       0       001010500D   1143
     110       0       0       1       0                    LINE     298D   1144
     102     996       1       1       0       0       0       001010500D   1145
     102       0       0       1       0                  CCURVE      64D   1146
     142     997       1       1       0       0       0       001010500D   1147
     142       0       0       1       0                  UV_BND      32D   1148
     144     998       1       1       0       0       0       000000000D   1149
     144       0       0       1       0                 TRM_SRF      26D   1150
     110     999       1       1       0       0       0       001010000D   1151
     110       0       0       1       0                    LINE     299D   1152
     110    1000       1       1       0       0       0       001010000D   1153
     110       0       0       2       0                    LINE     300D   1154
     120    1002       1       1       0       0       0       001010000D   1155
     120       0       0       1       0                    SREV       9D   1156
     110    1003       1       1       0       0       0       001010000D   1157
     110       0       0       1       0                    LINE     301D   1158
     124    1004       1       1       0       0       0       001000000D   1159
     124       0       0       2       0                   XFORM      48D   1160
     100    1006       1       1       0       0    1159       001010000D   1161
     100       0       0       1       0                     ARC      48D   1162
     102    1007       1       1       0       0       0       001010000D   1163
     102       0       0       1       0                  CCURVE      65D   1164
     110    1008       1       1       0       0       0       001010500D   1165
     110       0       0       2       0                    LINE     302D   1166
     110    1010       1       1       0       0       0       001010500D   1167
     110       0       0       2       0                    LINE     303D   1168
     110    1012       1       1       0       0       0       001010500D   1169
     110       0       0       2       0                    LINE     304D   1170
     110    1014       1       1       0       0       0       001010500D   1171
     110       0       0       2       0                    LINE     305D   1172
     102    1016       1       1       0       0       0       001010500D   1173
     102       0       0       1       0                  CCURVE      66D   1174
     142    1017       1       1       0       0       0       001010500D   1175
     142       0       0       1       0                  UV_BND      33D   1176
     144    1018       1       1       0       0       0       000000000D   1177
     144       0       0       1       0                 TRM_SRF      27D   1178
     110    1019       1       1       0       0       0       001010000D   1179
     110       0       0       1       0                    LINE     306D   1180
     124    1020       1       1       0       0       0       001000000D   1181
     124       0       0       3       0                   XFORM      49D   1182
     100    1023       1       1       0       0    1181       001010000D   1183
     100       0       0       1       0                     ARC      49D   1184
     120    1024       1       1       0       0       0       001010000D   1185
     120       0       0       1       0                    SREV      10D   1186
     124    1025       1       1       0       0       0       001000000D   1187
     124       0       0       1       0                   XFORM      50D   1188
     100    1026       1       1       0       0    1187       001010000D   1189
     100       0       0       1       0                     ARC      50D   1190
     102    1027       1       1       0       0       0       001010000D   1191
     102       0       0       1       0                  CCURVE      67D   1192
     110    1028       1       1       0       0       0       001010500D   1193
     110       0       0       2       0                    LINE     307D   1194
     110    1030       1       1       0       0       0       001010500D   1195
     110       0       0       2       0                    LINE     308D   1196
     110    1032       1       1       0       0       0       001010500D   1197
     110       0       0       2       0                    LINE     309D   1198
     110    1034       1       1       0       0       0       001010500D   1199
     110       0       0       2       0                    LINE     310D   1200
     102    1036       1       1       0       0       0       001010500D   1201
     102       0       0       1       0                  CCURVE      68D   1202
     142    1037       1       1       0       0       0       001010500D   1203
     142       0       0       1       0                  UV_BND      34D   1204
     144    1038       1       1       0       0       0       000000000D   1205
     144       0       0       1       0                 TRM_SRF      28D   1206
     110    1039       1       1       0       0       0       001010000D   1207
     110       0       0       1       0                    LINE     311D   1208
     124    1040       1       1       0       0       0       001000000D   1209
     124       0       0       3       0                   XFORM      51D   1210
     100    1043       1       1       0       0    1209       001010000D   1211
     100       0       0       1       0                     ARC      51D   1212
     120    1044       1       1       0       0       0       001010000D   1213
     120       0       0       1       0                    SREV      11D   1214
     124    1045       1       1       0       0       0       001000000D   1215
     124       0       0       2       0                   XFORM      52D   1216
     100    1047       1       1       0       0    1215       001010000D   1217
     100       0       0       1       0                     ARC      52D   1218
     124    1048       1       1       0       0       0       001000000D   1219
     124       0       0       2       0                   XFORM      53D   1220
     100    1050       1       1       0       0    1219       001010000D   1221
     100       0       0       1       0                     ARC      53D   1222
     102    1051       1       1       0       0       0       001010000D   1223
     102       0       0       1       0                  CCURVE      69D   1224
     110    1052       1       1       0       0       0       001010500D   1225
     110       0       0       2       0                    LINE     312D   1226
     110    1054       1       1       0       0       0       001010500D   1227
     110       0       0       2       0                    LINE     313D   1228
     110    1056       1       1       0       0       0       001010500D   1229
     110       0       0       1       0                    LINE     314D   1230
     110    1057       1       1       0       0       0       001010500D   1231
     110       0       0       2       0                    LINE     315D   1232
     102    1059       1       1       0       0       0       001010500D   1233
     102       0       0       1       0                  CCURVE      70D   1234
     142    1060       1       1       0       0       0       001010500D   1235
     142       0       0       1       0                  UV_BND      35D   1236
     144    1061       1       1       0       0       0       000000000D   1237
     144       0       0       1       0                 TRM_SRF      29D   1238
     110    1062       1       1       0       0       0       001010000D   1239
     110       0       0       1       0                    LINE     316D   1240
     124    1063       1       1       0       0       0       001000000D   1241
     124       0       0       4       0                   XFORM      54D   1242
     100    1067       1       1       0       0    1241       001010000D   1243
     100       0       0       1       0                     ARC      54D   1244
     120    1068       1       1       0       0       0       001010000D   1245
     120       0       0       1       0                    SREV      12D   1246
     124    1069       1       1       0       0       0       001000000D   1247
     124       0       0       2       0                   XFORM      55D   1248
     100    1071       1       1       0       0    1247       001010000D   1249
     100       0       0       1       0                     ARC      55D   1250
     124    1072       1       1       0       0       0       001000000D   1251
     124       0       0       2       0                   XFORM      56D   1252
     100    1074       1       1       0       0    1251       001010000D   1253
     100       0       0       1       0                     ARC      56D   1254
     102    1075       1       1       0       0       0       001010000D   1255
     102       0       0       1       0                  CCURVE      71D   1256
     110    1076       1       1       0       0       0       001010500D   1257
     110       0       0       2       0                    LINE     317D   1258
     110    1078       1       1       0       0       0       001010500D   1259
     110       0       0       2       0                    LINE     318D   1260
     110    1080       1       1       0       0       0       001010500D   1261
     110       0       0       2       0                    LINE     319D   1262
     110    1082       1       1       0       0       0       001010500D   1263
     110       0       0       2       0                    LINE     320D   1264
     102    1084       1       1       0       0       0       001010500D   1265
     102       0       0       1       0                  CCURVE      72D   1266
     142    1085       1       1       0       0       0       001010500D   1267
     142       0       0       1       0                  UV_BND      36D   1268
     144    1086       1       1       0       0       0       000000000D   1269
     144       0       0       1       0                 TRM_SRF      30D   1270
     110    1087       1       1       0       0       0       001010000D   1271
     110       0       0       1       0                    LINE     321D   1272
     110    1088       1       1       0       0       0       001010000D   1273
     110       0       0       2       0                    LINE     322D   1274
     120    1090       1       1       0       0       0       001010000D   1275
     120       0       0       1       0                    SREV      13D   1276
     110    1091       1       1       0       0       0       001010000D   1277
     110       0       0       1       0                    LINE     323D   1278
     102    1092       1       1       0       0       0       001010000D   1279
     102       0       0       1       0                  CCURVE      73D   1280
     110    1093       1       1       0       0       0       001010500D   1281
     110       0       0       2       0                    LINE     324D   1282
     110    1095       1       1       0       0       0       001010500D   1283
     110       0       0       2       0                    LINE     325D   1284
     110    1097       1       1       0       0       0       001010500D   1285
     110       0       0       2       0                    LINE     326D   1286
     110    1099       1       1       0       0       0       001010500D   1287
     110       0       0       2       0                    LINE     327D   1288
     102    1101       1       1       0       0       0       001010500D   1289
     102       0       0       1       0                  CCURVE      74D   1290
     142    1102       1       1       0       0       0       001010500D   1291
     142       0       0       1       0                  UV_BND      37D   1292
     144    1103       1       1       0       0       0       000000000D   1293
     144       0       0       1       0                 TRM_SRF      31D   1294
     110    1104       1       1       0       0       0       001010000D   1295
     110       0       0       1       0                    LINE     328D   1296
     110    1105       1       1       0       0       0       001010000D   1297
     110       0       0       2       0                    LINE     329D   1298
     120    1107       1       1       0       0       0       001010000D   1299
     120       0       0       1       0                    SREV      14D   1300
     102    1108       1       1       0       0       0       001010000D   1301
     102       0       0       1       0                  CCURVE      75D   1302
     110    1109       1       1       0       0       0       001010500D   1303
     110       0       0       2       0                    LINE     330D   1304
     110    1111       1       1       0       0       0       001010500D   1305
     110       0       0       2       0                    LINE     331D   1306
     110    1113       1       1       0       0       0       001010500D   1307
     110       0       0       1       0                    LINE     332D   1308
     110    1114       1       1       0       0       0       001010500D   1309
     110       0       0       2       0                    LINE     333D   1310
     102    1116       1       1       0       0       0       001010500D   1311
     102       0       0       1       0                  CCURVE      76D   1312
     142    1117       1       1       0       0       0       001010500D   1313
     142       0       0       1       0                  UV_BND      38D   1314
     144    1118       1       1       0       0       0       000000000D   1315
     144       0       0       1       0                 TRM_SRF      32D   1316
     128    1119       1       1       0       0       0       001010000D   1317
     128       0       0       6       0                  SPLSRF      19D   1318
     110    1125       1       1       0       0       0       001010000D   1319
     110       0       0       1       0                    LINE     334D   1320
     110    1126       1       1       0       0       0       001010000D   1321
     110       0       0       1       0                    LINE     335D   1322
     110    1127       1       1       0       0       0       001010000D   1323
     110       0       0       1       0                    LINE     336D   1324
     102    1128       1       1       0       0       0       001010000D   1325
     102       0       0       1       0                  CCURVE      77D   1326
     110    1129       1       1       0       0       0       001010500D   1327
     110       0       0       1       0                    LINE     337D   1328
     110    1130       1       1       0       0       0       001010500D   1329
     110       0       0       1       0                    LINE     338D   1330
     110    1131       1       1       0       0       0       001010500D   1331
     110       0       0       1       0                    LINE     339D   1332
     110    1132       1       1       0       0       0       001010500D   1333
     110       0       0       1       0                    LINE     340D   1334
     110    1133       1       1       0       0       0       001010500D   1335
     110       0       0       1       0                    LINE     341D   1336
     110    1134       1       1       0       0       0       001010500D   1337
     110       0       0       1       0                    LINE     342D   1338
     110    1135       1       1       0       0       0       001010500D   1339
     110       0       0       1       0                    LINE     343D   1340
     110    1136       1       1       0       0       0       001010500D   1341
     110       0       0       1       0                    LINE     344D   1342
     102    1137       1       1       0       0       0       001010500D   1343
     102       0       0       1       0                  CCURVE      78D   1344
     142    1138       1       1       0       0       0       001010500D   1345
     142       0       0       1       0                  UV_BND      39D   1346
     144    1139       1       1       0       0       0       000000000D   1347
     144       0       0       1       0                 TRM_SRF      33D   1348
     128    1140       1       1       0       0       0       001010000D   1349
     128       0       0       8       0                  SPLSRF      20D   1350
     110    1148       1       1       0       0       0       001010000D   1351
     110       0       0       1       0                    LINE     345D   1352
     110    1149       1       1       0       0       0       001010000D   1353
     110       0       0       1       0                    LINE     346D   1354
     102    1150       1       1       0       0       0       001010000D   1355
     102       0       0       1       0                  CCURVE      79D   1356
     110    1151       1       1       0       0       0       001010500D   1357
     110       0       0       1       0                    LINE     347D   1358
     110    1152       1       1       0       0       0       001010500D   1359
     110       0       0       1       0                    LINE     348D   1360
     110    1153       1       1       0       0       0       001010500D   1361
     110       0       0       1       0                    LINE     349D   1362
     110    1154       1       1       0       0       0       001010500D   1363
     110       0       0       1       0                    LINE     350D   1364
     102    1155       1       1       0       0       0       001010500D   1365
     102       0       0       1       0                  CCURVE      80D   1366
     142    1156       1       1       0       0       0       001010500D   1367
     142       0       0       1       0                  UV_BND      40D   1368
     144    1157       1       1       0       0       0       000000000D   1369
     144       0       0       1       0                 TRM_SRF      34D   1370
     128    1158       1       1       0       0       0       001010000D   1371
     128       0       0       8       0                  SPLSRF      21D   1372
     102    1166       1       1       0       0       0       001010000D   1373
     102       0       0       1       0                  CCURVE      81D   1374
     110    1167       1       1       0       0       0       001010500D   1375
     110       0       0       1       0                    LINE     351D   1376
     110    1168       1       1       0       0       0       001010500D   1377
     110       0       0       1       0                    LINE     352D   1378
     110    1169       1       1       0       0       0       001010500D   1379
     110       0       0       1       0                    LINE     353D   1380
     110    1170       1       1       0       0       0       001010500D   1381
     110       0       0       1       0                    LINE     354D   1382
     102    1171       1       1       0       0       0       001010500D   1383
     102       0       0       1       0                  CCURVE      82D   1384
     142    1172       1       1       0       0       0       001010500D   1385
     142       0       0       1       0                  UV_BND      41D   1386
     144    1173       1       1       0       0       0       000000000D   1387
     144       0       0       1       0                 TRM_SRF      35D   1388
     128    1174       1       1       0       0       0       001010000D   1389
     128       0       0       8       0                  SPLSRF      22D   1390
     110    1182       1       1       0       0       0       001010000D   1391
     110       0       0       1       0                    LINE     355D   1392
     110    1183       1       1       0       0       0       001010000D   1393
     110       0       0       1       0                    LINE     356D   1394
     110    1184       1       1       0       0       0       001010000D   1395
     110       0       0       1       0                    LINE     357D   1396
     102    1185       1       1       0       0       0       001010000D   1397
     102       0       0       1       0                  CCURVE      83D   1398
     110    1186       1       1       0       0       0       001010500D   1399
     110       0       0       1       0                    LINE     358D   1400
     110    1187       1       1       0       0       0       001010500D   1401
     110       0       0       1       0                    LINE     359D   1402
     110    1188       1       1       0       0       0       001010500D   1403
     110       0       0       1       0                    LINE     360D   1404
     110    1189       1       1       0       0       0       001010500D   1405
     110       0       0       1       0                    LINE     361D   1406
     102    1190       1       1       0       0       0       001010500D   1407
     102       0       0       1       0                  CCURVE      84D   1408
     142    1191       1       1       0       0       0       001010500D   1409
     142       0       0       1       0                  UV_BND      42D   1410
     144    1192       1       1       0       0       0       000000000D   1411
     144       0       0       1       0                 TRM_SRF      36D   1412
     128    1193       1       1       0       0       0       001010000D   1413
     128       0       0       8       0                  SPLSRF      23D   1414
     110    1201       1       1       0       0       0       001010000D   1415
     110       0       0       1       0                    LINE     362D   1416
     110    1202       1       1       0       0       0       001010000D   1417
     110       0       0       1       0                    LINE     363D   1418
     102    1203       1       1       0       0       0       001010000D   1419
     102       0       0       1       0                  CCURVE      85D   1420
     110    1204       1       1       0       0       0       001010500D   1421
     110       0       0       1       0                    LINE     364D   1422
     110    1205       1       1       0       0       0       001010500D   1423
     110       0       0       1       0                    LINE     365D   1424
     110    1206       1       1       0       0       0       001010500D   1425
     110       0       0       1       0                    LINE     366D   1426
     110    1207       1       1       0       0       0       001010500D   1427
     110       0       0       1       0                    LINE     367D   1428
     102    1208       1       1       0       0       0       001010500D   1429
     102       0       0       1       0                  CCURVE      86D   1430
     142    1209       1       1       0       0       0       001010500D   1431
     142       0       0       1       0                  UV_BND      43D   1432
     144    1210       1       1       0       0       0       000000000D   1433
     144       0       0       1       0                 TRM_SRF      37D   1434
     128    1211       1       1       0       0       0       001010000D   1435
     128       0       0       6       0                  SPLSRF      24D   1436
     110    1217       1       1       0       0       0       001010000D   1437
     110       0       0       1       0                    LINE     368D   1438
     110    1218       1       1       0       0       0       001010000D   1439
     110       0       0       1       0                    LINE     369D   1440
     110    1219       1       1       0       0       0       001010000D   1441
     110       0       0       1       0                    LINE     370D   1442
     102    1220       1       1       0       0       0       001010000D   1443
     102       0       0       1       0                  CCURVE      87D   1444
     110    1221       1       1       0       0       0       001010500D   1445
     110       0       0       1       0                    LINE     371D   1446
     110    1222       1       1       0       0       0       001010500D   1447
     110       0       0       1       0                    LINE     372D   1448
     110    1223       1       1       0       0       0       001010500D   1449
     110       0       0       1       0                    LINE     373D   1450
     110    1224       1       1       0       0       0       001010500D   1451
     110       0       0       1       0                    LINE     374D   1452
     110    1225       1       1       0       0       0       001010500D   1453
     110       0       0       1       0                    LINE     375D   1454
     110    1226       1       1       0       0       0       001010500D   1455
     110       0       0       1       0                    LINE     376D   1456
     102    1227       1       1       0       0       0       001010500D   1457
     102       0       0       1       0                  CCURVE      88D   1458
     142    1228       1       1       0       0       0       001010500D   1459
     142       0       0       1       0                  UV_BND      44D   1460
     144    1229       1       1       0       0       0       000000000D   1461
     144       0       0       1       0                 TRM_SRF      38D   1462
     128    1230       1       1       0       0       0       001010000D   1463
     128       0       0       9       0                  SPLSRF      25D   1464
     110    1239       1       1       0       0       0       001010000D   1465
     110       0       0       1       0                    LINE     377D   1466
     110    1240       1       1       0       0       0       001010000D   1467
     110       0       0       1       0                    LINE     378D   1468
     110    1241       1       1       0       0       0       001010000D   1469
     110       0       0       1       0                    LINE     379D   1470
     102    1242       1       1       0       0       0       001010000D   1471
     102       0       0       1       0                  CCURVE      89D   1472
     110    1243       1       1       0       0       0       001010500D   1473
     110       0       0       2       0                    LINE     380D   1474
     110    1245       1       1       0       0       0       001010500D   1475
     110       0       0       2       0                    LINE     381D   1476
     110    1247       1       1       0       0       0       001010500D   1477
     110       0       0       2       0                    LINE     382D   1478
     110    1249       1       1       0       0       0       001010500D   1479
     110       0       0       2       0                    LINE     383D   1480
     110    1251       1       1       0       0       0       001010500D   1481
     110       0       0       2       0                    LINE     384D   1482
     102    1253       1       1       0       0       0       001010500D   1483
     102       0       0       1       0                  CCURVE      90D   1484
     142    1254       1       1       0       0       0       001010500D   1485
     142       0       0       1       0                  UV_BND      45D   1486
     144    1255       1       1       0       0       0       000000000D   1487
     144       0       0       1       0                 TRM_SRF      39D   1488
     128    1256       1       1       0       0       0       001010000D   1489
     128       0       0       6       0                  SPLSRF      26D   1490
     110    1262       1       1       0       0       0       001010000D   1491
     110       0       0       1       0                    LINE     385D   1492
     110    1263       1       1       0       0       0       001010000D   1493
     110       0       0       1       0                    LINE     386D   1494
     102    1264       1       1       0       0       0       001010000D   1495
     102       0       0       1       0                  CCURVE      91D   1496
     110    1265       1       1       0       0       0       001010500D   1497
     110       0       0       1       0                    LINE     387D   1498
     110    1266       1       1       0       0       0       001010500D   1499
     110       0       0       1       0                    LINE     388D   1500
     110    1267       1       1       0       0       0       001010500D   1501
     110       0       0       1       0                    LINE     389D   1502
     110    1268       1       1       0       0       0       001010500D   1503
     110       0       0       1       0                    LINE     390D   1504
     102    1269       1       1       0       0       0       001010500D   1505
     102       0       0       1       0                  CCURVE      92D   1506
     142    1270       1       1       0       0       0       001010500D   1507
     142       0       0       1       0                  UV_BND      46D   1508
     144    1271       1       1       0       0       0       000000000D   1509
     144       0       0       1       0                 TRM_SRF      40D   1510
     128    1272       1       1       0       0       0       001010000D   1511
     128       0       0       6       0                  SPLSRF      27D   1512
     110    1278       1       1       0       0       0       001010000D   1513
     110       0       0       1       0                    LINE     391D   1514
     110    1279       1       1       0       0       0       001010000D   1515
     110       0       0       1       0                    LINE     392D   1516
     102    1280       1       1       0       0       0       001010000D   1517
     102       0       0       1       0                  CCURVE      93D   1518
     110    1281       1       1       0       0       0       001010500D   1519
     110       0       0       1       0                    LINE     393D   1520
     110    1282       1       1       0       0       0       001010500D   1521
     110       0       0       1       0                    LINE     394D   1522
     110    1283       1       1       0       0       0       001010500D   1523
     110       0       0       1       0                    LINE     395D   1524
     110    1284       1       1       0       0       0       001010500D   1525
     110       0       0       1       0                    LINE     396D   1526
     102    1285       1       1       0       0       0       001010500D   1527
     102       0       0       1       0                  CCURVE      94D   1528
     142    1286       1       1       0       0       0       001010500D   1529
     142       0       0       1       0                  UV_BND      47D   1530
     144    1287       1       1       0       0       0       000000000D   1531
     144       0       0       1       0                 TRM_SRF      41D   1532
     110    1288       1       1       0       0       0       001010000D   1533
     110       0       0       1       0                    LINE     397D   1534
     110    1289       1       1       0       0       0       001010000D   1535
     110       0       0       2       0                    LINE     398D   1536
     120    1291       1       1       0       0       0       001010000D   1537
     120       0       0       1       0                    SREV      15D   1538
     102    1292       1       1       0       0       0       001010000D   1539
     102       0       0       1       0                  CCURVE      95D   1540
     110    1293       1       1       0       0       0       001010500D   1541
     110       0       0       2       0                    LINE     399D   1542
     110    1295       1       1       0       0       0       001010500D   1543
     110       0       0       2       0                    LINE     400D   1544
     110    1297       1       1       0       0       0       001010500D   1545
     110       0       0       2       0                    LINE     401D   1546
     110    1299       1       1       0       0       0       001010500D   1547
     110       0       0       1       0                    LINE     402D   1548
     102    1300       1       1       0       0       0       001010500D   1549
     102       0       0       1       0                  CCURVE      96D   1550
     142    1301       1       1       0       0       0       001010500D   1551
     142       0       0       1       0                  UV_BND      48D   1552
     144    1302       1       1       0       0       0       000000000D   1553
     144       0       0       1       0                 TRM_SRF      42D   1554
     128    1303       1       1       0       0       0       001010000D   1555
     128       0       0       4       0                  SPLSRF      28D   1556
     110    1307       1       1       0       0       0       001010000D   1557
     110       0       0       1       0                    LINE     403D   1558
     110    1308       1       1       0       0       0       001010000D   1559
     110       0       0       1       0                    LINE     404D   1560
     102    1309       1       1       0       0       0       001010000D   1561
     102       0       0       1       0                  CCURVE      97D   1562
     126    1310       1       1       0       0       0       001010500D   1563
     126       0       0       6       0                B_SPLINE      27D   1564
     110    1316       1       1       0       0       0       001010500D   1565
     110       0       0       1       0                    LINE     405D   1566
     126    1317       1       1       0       0       0       001010500D   1567
     126       0       0       6       0                B_SPLINE      28D   1568
     110    1323       1       1       0       0       0       001010500D   1569
     110       0       0       1       0                    LINE     406D   1570
     110    1324       1       1       0       0       0       001010500D   1571
     110       0       0       1       0                    LINE     407D   1572
     110    1325       1       1       0       0       0       001010500D   1573
     110       0       0       1       0                    LINE     408D   1574
     102    1326       1       1       0       0       0       001010500D   1575
     102       0       0       1       0                  CCURVE      98D   1576
     142    1327       1       1       0       0       0       001010500D   1577
     142       0       0       1       0                  UV_BND      49D   1578
     144    1328       1       1       0       0       0       000000000D   1579
     144       0       0       1       0                 TRM_SRF      43D   1580
     128    1329       1       1       0       0       0       001010000D   1581
     128       0       0       4       0                  SPLSRF      29D   1582
     110    1333       1       1       0       0       0       001010000D   1583
     110       0       0       1       0                    LINE     409D   1584
     110    1334       1       1       0       0       0       001010000D   1585
     110       0       0       1       0                    LINE     410D   1586
     102    1335       1       1       0       0       0       001010000D   1587
     102       0       0       1       0                  CCURVE      99D   1588
     126    1336       1       1       0       0       0       001010500D   1589
     126       0       0       6       0                B_SPLINE      29D   1590
     110    1342       1       1       0       0       0       001010500D   1591
     110       0       0       1       0                    LINE     411D   1592
     110    1343       1       1       0       0       0       001010500D   1593
     110       0       0       1       0                    LINE     412D   1594
     110    1344       1       1       0       0       0       001010500D   1595
     110       0       0       1       0                    LINE     413D   1596
     126    1345       1       1       0       0       0       001010500D   1597
     126       0       0       6       0                B_SPLINE      30D   1598
     110    1351       1       1       0       0       0       001010500D   1599
     110       0       0       1       0                    LINE     414D   1600
     102    1352       1       1       0       0       0       001010500D   1601
     102       0       0       1       0                  CCURVE     100D   1602
     142    1353       1       1       0       0       0       001010500D   1603
     142       0       0       1       0                  UV_BND      50D   1604
     144    1354       1       1       0       0       0       000000000D   1605
     144       0       0       1       0                 TRM_SRF      44D   1606
     110    1355       1       1       0       0       0       001010000D   1607
     110       0       0       1       0                    LINE     415D   1608
     110    1356       1       1       0       0       0       001010000D   1609
     110       0       0       2       0                    LINE     416D   1610
     120    1358       1       1       0       0       0       001010000D   1611
     120       0       0       1       0                    SREV      16D   1612
     102    1359       1       1       0       0       0       001010000D   1613
     102       0       0       1       0                  CCURVE     101D   1614
     110    1360       1       1       0       0       0       001010500D   1615
     110       0       0       2       0                    LINE     417D   1616
     110    1362       1       1       0       0       0       001010500D   1617
     110       0       0       2       0                    LINE     418D   1618
     110    1364       1       1       0       0       0       001010500D   1619
     110       0       0       1       0                    LINE     419D   1620
     110    1365       1       1       0       0       0       001010500D   1621
     110       0       0       2       0                    LINE     420D   1622
     102    1367       1       1       0       0       0       001010500D   1623
     102       0       0       1       0                  CCURVE     102D   1624
     142    1368       1       1       0       0       0       001010500D   1625
     142       0       0       1       0                  UV_BND      51D   1626
     144    1369       1       1       0       0       0       000000000D   1627
     144       0       0       1       0                 TRM_SRF      45D   1628
     128    1370       1       1       0       0       0       001010000D   1629
     128       0       0       6       0                  SPLSRF      30D   1630
     110    1376       1       1       0       0       0       001010000D   1631
     110       0       0       1       0                    LINE     421D   1632
     110    1377       1       1       0       0       0       001010000D   1633
     110       0       0       1       0                    LINE     422D   1634
     102    1378       1       1       0       0       0       001010000D   1635
     102       0       0       1       0                  CCURVE     103D   1636
     110    1379       1       1       0       0       0       001010500D   1637
     110       0       0       1       0                    LINE     423D   1638
     110    1380       1       1       0       0       0       001010500D   1639
     110       0       0       1       0                    LINE     424D   1640
     110    1381       1       1       0       0       0       001010500D   1641
     110       0       0       1       0                    LINE     425D   1642
     110    1382       1       1       0       0       0       001010500D   1643
     110       0       0       1       0                    LINE     426D   1644
     102    1383       1       1       0       0       0       001010500D   1645
     102       0       0       1       0                  CCURVE     104D   1646
     142    1384       1       1       0       0       0       001010500D   1647
     142       0       0       1       0                  UV_BND      52D   1648
     144    1385       1       1       0       0       0       000000000D   1649
     144       0       0       1       0                 TRM_SRF      46D   1650
     128    1386       1       1       0       0       0       001010000D   1651
     128       0       0       6       0                  SPLSRF      31D   1652
     110    1392       1       1       0       0       0       001010000D   1653
     110       0       0       1       0                    LINE     427D   1654
     102    1393       1       1       0       0       0       001010000D   1655
     102       0       0       1       0                  CCURVE     105D   1656
     110    1394       1       1       0       0       0       001010500D   1657
     110       0       0       1       0                    LINE     428D   1658
     110    1395       1       1       0       0       0       001010500D   1659
     110       0       0       1       0                    LINE     429D   1660
     110    1396       1       1       0       0       0       001010500D   1661
     110       0       0       1       0                    LINE     430D   1662
     110    1397       1       1       0       0       0       001010500D   1663
     110       0       0       1       0                    LINE     431D   1664
     102    1398       1       1       0       0       0       001010500D   1665
     102       0       0       1       0                  CCURVE     106D   1666
     142    1399       1       1       0       0       0       001010500D   1667
     142       0       0       1       0                  UV_BND      53D   1668
     144    1400       1       1       0       0       0       000000000D   1669
     144       0       0       1       0                 TRM_SRF      47D   1670
     110    1401       1       1       0       0       0       001010000D   1671
     110       0       0       1       0                    LINE     432D   1672
     110    1402       1       1       0       0       0       001010000D   1673
     110       0       0       2       0                    LINE     433D   1674
     120    1404       1       1       0       0       0       001010000D   1675
     120       0       0       1       0                    SREV      17D   1676
     102    1405       1       1       0       0       0       001010000D   1677
     102       0       0       1       0                  CCURVE     107D   1678
     110    1406       1       1       0       0       0       001010500D   1679
     110       0       0       2       0                    LINE     434D   1680
     110    1408       1       1       0       0       0       001010500D   1681
     110       0       0       2       0                    LINE     435D   1682
     110    1410       1       1       0       0       0       001010500D   1683
     110       0       0       2       0                    LINE     436D   1684
     110    1412       1       1       0       0       0       001010500D   1685
     110       0       0       1       0                    LINE     437D   1686
     102    1413       1       1       0       0       0       001010500D   1687
     102       0       0       1       0                  CCURVE     108D   1688
     142    1414       1       1       0       0       0       001010500D   1689
     142       0       0       1       0                  UV_BND      54D   1690
     144    1415       1       1       0       0       0       000000000D   1691
     144       0       0       1       0                 TRM_SRF      48D   1692
     128    1416       1       1       0       0       0       001010000D   1693
     128       0       0       6       0                  SPLSRF      32D   1694
     110    1422       1       1       0       0       0       001010000D   1695
     110       0       0       1       0                    LINE     438D   1696
     110    1423       1       1       0       0       0       001010000D   1697
     110       0       0       1       0                    LINE     439D   1698
     102    1424       1       1       0       0       0       001010000D   1699
     102       0       0       1       0                  CCURVE     109D   1700
     110    1425       1       1       0       0       0       001010500D   1701
     110       0       0       1       0                    LINE     440D   1702
     110    1426       1       1       0       0       0       001010500D   1703
     110       0       0       1       0                    LINE     441D   1704
     110    1427       1       1       0       0       0       001010500D   1705
     110       0       0       1       0                    LINE     442D   1706
     110    1428       1       1       0       0       0       001010500D   1707
     110       0       0       1       0                    LINE     443D   1708
     102    1429       1       1       0       0       0       001010500D   1709
     102       0       0       1       0                  CCURVE     110D   1710
     142    1430       1       1       0       0       0       001010500D   1711
     142       0       0       1       0                  UV_BND      55D   1712
     144    1431       1       1       0       0       0       000000000D   1713
     144       0       0       1       0                 TRM_SRF      49D   1714
     110    1432       1       1       0       0       0       001010000D   1715
     110       0       0       1       0                    LINE     444D   1716
     110    1433       1       1       0       0       0       001010000D   1717
     110       0       0       2       0                    LINE     445D   1718
     120    1435       1       1       0       0       0       001010000D   1719
     120       0       0       1       0                    SREV      18D   1720
     102    1436       1       1       0       0       0       001010000D   1721
     102       0       0       1       0                  CCURVE     111D   1722
     110    1437       1       1       0       0       0       001010500D   1723
     110       0       0       2       0                    LINE     446D   1724
     110    1439       1       1       0       0       0       001010500D   1725
     110       0       0       2       0                    LINE     447D   1726
     110    1441       1       1       0       0       0       001010500D   1727
     110       0       0       1       0                    LINE     448D   1728
     110    1442       1       1       0       0       0       001010500D   1729
     110       0       0       2       0                    LINE     449D   1730
     102    1444       1       1       0       0       0       001010500D   1731
     102       0       0       1       0                  CCURVE     112D   1732
     142    1445       1       1       0       0       0       001010500D   1733
     142       0       0       1       0                  UV_BND      56D   1734
     144    1446       1       1       0       0       0       000000000D   1735
     144       0       0       1       0                 TRM_SRF      50D   1736
     128    1447       1       1       0       0       0       001010000D   1737
     128       0       0       6       0                  SPLSRF      33D   1738
     102    1453       1       1       0       0       0       001010000D   1739
     102       0       0       1       0                  CCURVE     113D   1740
     110    1454       1       1       0       0       0       001010500D   1741
     110       0       0       1       0                    LINE     450D   1742
     110    1455       1       1       0       0       0       001010500D   1743
     110       0       0       1       0                    LINE     451D   1744
     110    1456       1       1       0       0       0       001010500D   1745
     110       0       0       1       0                    LINE     452D   1746
     110    1457       1       1       0       0       0       001010500D   1747
     110       0       0       1       0                    LINE     453D   1748
     102    1458       1       1       0       0       0       001010500D   1749
     102       0       0       1       0                  CCURVE     114D   1750
     142    1459       1       1       0       0       0       001010500D   1751
     142       0       0       1       0                  UV_BND      57D   1752
     144    1460       1       1       0       0       0       000000000D   1753
     144       0       0       1       0                 TRM_SRF      51D   1754
     128    1461       1       1       0       0       0       001010000D   1755
     128       0       0       6       0                  SPLSRF      34D   1756
     110    1467       1       1       0       0       0       001010000D   1757
     110       0       0       1       0                    LINE     454D   1758
     110    1468       1       1       0       0       0       001010000D   1759
     110       0       0       1       0                    LINE     455D   1760
     110    1469       1       1       0       0       0       001010000D   1761
     110       0       0       1       0                    LINE     456D   1762
     110    1470       1       1       0       0       0       001010000D   1763
     110       0       0       1       0                    LINE     457D   1764
     102    1471       1       1       0       0       0       001010000D   1765
     102       0       0       1       0                  CCURVE     115D   1766
     110    1472       1       1       0       0       0       001010500D   1767
     110       0       0       1       0                    LINE     458D   1768
     110    1473       1       1       0       0       0       001010500D   1769
     110       0       0       1       0                    LINE     459D   1770
     110    1474       1       1       0       0       0       001010500D   1771
     110       0       0       1       0                    LINE     460D   1772
     110    1475       1       1       0       0       0       001010500D   1773
     110       0       0       1       0                    LINE     461D   1774
     110    1476       1       1       0       0       0       001010500D   1775
     110       0       0       1       0                    LINE     462D   1776
     110    1477       1       1       0       0       0       001010500D   1777
     110       0       0       1       0                    LINE     463D   1778
     110    1478       1       1       0       0       0       001010500D   1779
     110       0       0       1       0                    LINE     464D   1780
     110    1479       1       1       0       0       0       001010500D   1781
     110       0       0       1       0                    LINE     465D   1782
     102    1480       1       1       0       0       0       001010500D   1783
     102       0       0       1       0                  CCURVE     116D   1784
     142    1481       1       1       0       0       0       001010500D   1785
     142       0       0       1       0                  UV_BND      58D   1786
     144    1482       1       1       0       0       0       000000000D   1787
     144       0       0       1       0                 TRM_SRF      52D   1788
     110    1483       1       1       0       0       0       001010000D   1789
     110       0       0       1       0                    LINE     466D   1790
     110    1484       1       1       0       0       0       001010000D   1791
     110       0       0       2       0                    LINE     467D   1792
     120    1486       1       1       0       0       0       001010000D   1793
     120       0       0       1       0                    SREV      19D   1794
     102    1487       1       1       0       0       0       001010000D   1795
     102       0       0       1       0                  CCURVE     117D   1796
     110    1488       1       1       0       0       0       001010500D   1797
     110       0       0       2       0                    LINE     468D   1798
     110    1490       1       1       0       0       0       001010500D   1799
     110       0       0       2       0                    LINE     469D   1800
     110    1492       1       1       0       0       0       001010500D   1801
     110       0       0       1       0                    LINE     470D   1802
     110    1493       1       1       0       0       0       001010500D   1803
     110       0       0       2       0                    LINE     471D   1804
     102    1495       1       1       0       0       0       001010500D   1805
     102       0       0       1       0                  CCURVE     118D   1806
     142    1496       1       1       0       0       0       001010500D   1807
     142       0       0       1       0                  UV_BND      59D   1808
     144    1497       1       1       0       0       0       000000000D   1809
     144       0       0       1       0                 TRM_SRF      53D   1810
     128    1498       1       1       0       0       0       001010000D   1811
     128       0       0       8       0                  SPLSRF      35D   1812
     110    1506       1       1       0       0       0       001010000D   1813
     110       0       0       1       0                    LINE     472D   1814
     110    1507       1       1       0       0       0       001010000D   1815
     110       0       0       1       0                    LINE     473D   1816
     102    1508       1       1       0       0       0       001010000D   1817
     102       0       0       1       0                  CCURVE     119D   1818
     110    1509       1       1       0       0       0       001010500D   1819
     110       0       0       1       0                    LINE     474D   1820
     110    1510       1       1       0       0       0       001010500D   1821
     110       0       0       1       0                    LINE     475D   1822
     110    1511       1       1       0       0       0       001010500D   1823
     110       0       0       1       0                    LINE     476D   1824
     110    1512       1       1       0       0       0       001010500D   1825
     110       0       0       1       0                    LINE     477D   1826
     102    1513       1       1       0       0       0       001010500D   1827
     102       0       0       1       0                  CCURVE     120D   1828
     142    1514       1       1       0       0       0       001010500D   1829
     142       0       0       1       0                  UV_BND      60D   1830
     144    1515       1       1       0       0       0       000000000D   1831
     144       0       0       1       0                 TRM_SRF      54D   1832
     128    1516       1       1       0       0       0       001010000D   1833
     128       0       0       8       0                  SPLSRF      36D   1834
     102    1524       1       1       0       0       0       001010000D   1835
     102       0       0       1       0                  CCURVE     121D   1836
     110    1525       1       1       0       0       0       001010500D   1837
     110       0       0       1       0                    LINE     478D   1838
     110    1526       1       1       0       0       0       001010500D   1839
     110       0       0       1       0                    LINE     479D   1840
     110    1527       1       1       0       0       0       001010500D   1841
     110       0       0       1       0                    LINE     480D   1842
     110    1528       1       1       0       0       0       001010500D   1843
     110       0       0       1       0                    LINE     481D   1844
     102    1529       1       1       0       0       0       001010500D   1845
     102       0       0       1       0                  CCURVE     122D   1846
     142    1530       1       1       0       0       0       001010500D   1847
     142       0       0       1       0                  UV_BND      61D   1848
     144    1531       1       1       0       0       0       000000000D   1849
     144       0       0       1       0                 TRM_SRF      55D   1850
     128    1532       1       1       0       0       0       001010000D   1851
     128       0       0       8       0                  SPLSRF      37D   1852
     110    1540       1       1       0       0       0       001010000D   1853
     110       0       0       1       0                    LINE     482D   1854
     110    1541       1       1       0       0       0       001010000D   1855
     110       0       0       1       0                    LINE     483D   1856
     110    1542       1       1       0       0       0       001010000D   1857
     110       0       0       1       0                    LINE     484D   1858
     102    1543       1       1       0       0       0       001010000D   1859
     102       0       0       1       0                  CCURVE     123D   1860
     110    1544       1       1       0       0       0       001010500D   1861
     110       0       0       1       0                    LINE     485D   1862
     110    1545       1       1       0       0       0       001010500D   1863
     110       0       0       1       0                    LINE     486D   1864
     110    1546       1       1       0       0       0       001010500D   1865
     110       0       0       1       0                    LINE     487D   1866
     110    1547       1       1       0       0       0       001010500D   1867
     110       0       0       1       0                    LINE     488D   1868
     102    1548       1       1       0       0       0       001010500D   1869
     102       0       0       1       0                  CCURVE     124D   1870
     142    1549       1       1       0       0       0       001010500D   1871
     142       0       0       1       0                  UV_BND      62D   1872
     144    1550       1       1       0       0       0       000000000D   1873
     144       0       0       1       0                 TRM_SRF      56D   1874
     128    1551       1       1       0       0       0       001010000D   1875
     128       0       0       8       0                  SPLSRF      38D   1876
     110    1559       1       1       0       0       0       001010000D   1877
     110       0       0       1       0                    LINE     489D   1878
     110    1560       1       1       0       0       0       001010000D   1879
     110       0       0       1       0                    LINE     490D   1880
     102    1561       1       1       0       0       0       001010000D   1881
     102       0       0       1       0                  CCURVE     125D   1882
     110    1562       1       1       0       0       0       001010500D   1883
     110       0       0       1       0                    LINE     491D   1884
     110    1563       1       1       0       0       0       001010500D   1885
     110       0       0       1       0                    LINE     492D   1886
     110    1564       1       1       0       0       0       001010500D   1887
     110       0       0       1       0                    LINE     493D   1888
     110    1565       1       1       0       0       0       001010500D   1889
     110       0       0       1       0                    LINE     494D   1890
     102    1566       1       1       0       0       0       001010500D   1891
     102       0       0       1       0                  CCURVE     126D   1892
     142    1567       1       1       0       0       0       001010500D   1893
     142       0       0       1       0                  UV_BND      63D   1894
     144    1568       1       1       0       0       0       000000000D   1895
     144       0       0       1       0                 TRM_SRF      57D   1896
314,1.1D0,1.2D0,1D2;                                                   1P      1
314,3.92D1,1.2D0,1.2D0;                                                3P      2
314,4.1D1,0D0,2.2D1;                                                   5P      3
314,6.952D1,7.426D1,7.9D1;                                             7P      4
314,7.84314D1,7.84314D1,7.84314D1;                                     9P      5
314,8.784D1,9.49D1,1D2;                                               11P      6
314,9.6D1,9.6D1,9.6D1;                                                13P      7
314,9.8D1,6.27D1,0D0;                                                 15P      8
314,1D2,1D2,9.49D1;                                                   17P      9
110,-5.25D0,0D0,-7.75D0,-5.25D0,0D0,7.75D0;                           19P     10
110,-5.25D0,0D0,7.75D0,5.25D0,0D0,7.75D0;                             21P     11
110,5.25D0,0D0,7.75D0,5.25D0,0D0,-7.75D0;                             23P     12
110,5.25D0,0D0,-7.75D0,-5.25D0,0D0,-7.75D0;                           25P     13
124,0D0,-1D0,0D0,1.5D0,0D0,0D0,-1D0,0D0,1D0,0D0,0D0,-3.6D0;           27P     14
100,0D0,0D0,0D0,2.5D-1,0D0,-2.5D-1,0D0;                               29P     15
110,2.9D0,0D0,-3.85D0,1.5D0,0D0,-3.85D0;                              31P     16
124,0D0,1D0,0D0,2.9D0,0D0,0D0,-1D0,0D0,-1D0,0D0,0D0,-3.6D0;           33P     17
100,0D0,0D0,0D0,2.5D-1,0D0,-2.5D-1,0D0;                               35P     18
110,1.5D0,0D0,-3.35D0,2.9D0,0D0,-3.35D0;                              37P     19
110,-5.25D0,0D0,-7.75D0,-5.25D0,8D-1,-7.75D0;                         39P     20
110,5.25D0,0D0,-7.75D0,5.25D0,8D-1,-7.75D0;                           41P     21
110,5.25D0,0D0,7.75D0,5.25D0,8D-1,7.75D0;                             43P     22
110,-5.25D0,0D0,7.75D0,-5.25D0,8D-1,7.75D0;                           45P     23
110,-5.25D0,8D-1,-7.75D0,-5.25D0,8D-1,7.75D0;                         47P     24
110,5.25D0,8D-1,-7.75D0,-5.25D0,8D-1,-7.75D0;                         49P     25
110,5.25D0,8D-1,7.75D0,5.25D0,8D-1,-7.75D0;                           51P     26
110,-5.25D0,8D-1,7.75D0,5.25D0,8D-1,7.75D0;                           53P     27
110,-4.75D0,8D-1,-3.6D0,-4.75D0,8D-1,7.3D0;                           55P     28
110,-4.75D0,8D-1,7.3D0,4.75D0,8D-1,7.3D0;                             57P     29
110,4.75D0,8D-1,7.3D0,4.75D0,8D-1,-3.6D0;                             59P     30
110,4.75D0,8D-1,-3.6D0,3.15D0,8D-1,-3.6D0;                            61P     31
124,1D0,0D0,0D0,2.9D0,0D0,0D0,1D0,8D-1,0D0,-1D0,0D0,-3.6D0;           63P     32
100,0D0,0D0,0D0,2.5D-1,0D0,0D0,2.5D-1;                                65P     33
110,1.5D0,8D-1,-3.85D0,2.9D0,8D-1,-3.85D0;                            67P     34
124,0D0,-1D0,0D0,1.5D0,0D0,0D0,1D0,8D-1,-1D0,0D0,0D0,-3.6D0;          69P     35
100,0D0,0D0,0D0,2.5D-1,0D0,0D0,2.5D-1;                                71P     36
110,1.25D0,8D-1,-3.6D0,-4.75D0,8D-1,-3.6D0;                           73P     37
110,-4.4732D0,8D-1,-5.15D0,-4.4732D0,8D-1,-4.85D0;                    75P     38
110,-4.3732D0,8D-1,-4.75D0,-3.4732D0,8D-1,-4.75D0;                    77P     39
110,-3.4732D0,8D-1,-4.75D0,-3.4732D0,8D-1,-4.55D0;                    79P     40
110,-3.4732D0,8D-1,-4.55D0,-2.8732D0,8D-1,-4.55D0;                    81P     41
110,-2.8732D0,8D-1,-4.75D0,-2.8732D0,8D-1,-4.55D0;                    83P     42
110,-2.8732D0,8D-1,-4.75D0,-1.9732D0,8D-1,-4.75D0;                    85P     43
110,-1.8732D0,8D-1,-4.85D0,-1.8732D0,8D-1,-5.15D0;                    87P     44
110,-1.8732D0,8D-1,-5.15D0,-1.7732D0,8D-1,-5.15D0;                    89P     45
110,-1.6732D0,8D-1,-5.25D0,-1.6732D0,8D-1,-6.85D0;                    91P     46
110,-1.8732D0,8D-1,-6.95D0,-1.7732D0,8D-1,-6.95D0;                    93P     47
110,-2.2732D0,8D-1,-7.35D0,-4.3732D0,8D-1,-7.35D0;                    95P     48
110,-4.4732D0,8D-1,-7.25D0,-4.4732D0,8D-1,-6.95D0;                    97P     49
110,-4.5732D0,8D-1,-6.95D0,-4.4732D0,8D-1,-6.95D0;                    99P     50
110,-4.6732D0,8D-1,-5.25D0,-4.6732D0,8D-1,-6.85D0;                   101P     51
110,-4.5732D0,8D-1,-5.15D0,-4.4732D0,8D-1,-5.15D0;                   103P     52
110,-4.75D0,8D-1,-3.6D0,-4.75D0,2D0,-3.6D0;                          105P     53
110,4.75D0,8D-1,-3.6D0,4.75D0,2D0,-3.6D0;                            107P     54
110,4.75D0,8D-1,7.3D0,4.75D0,2D0,7.3D0;                              109P     55
110,-4.75D0,8D-1,7.3D0,-4.75D0,2D0,7.3D0;                            111P     56
110,-4.75D0,2D0,-3.6D0,-4.75D0,2D0,7.3D0;                            113P     57
110,4.75D0,2D0,-3.6D0,-4.75D0,2D0,-3.6D0;                            115P     58
110,4.75D0,2D0,7.3D0,4.75D0,2D0,-3.6D0;                              117P     59
110,-4.75D0,2D0,7.3D0,4.75D0,2D0,7.3D0;                              119P     60
110,3.15D0,8D-1,-3.6D0,1.25D0,8D-1,-3.6D0;                           121P     61
124,-1D0,0D0,0D0,1.5D0,0D0,0D0,1D0,8D-1,0D0,1D0,0D0,-3.6D0;          123P     62
100,0D0,0D0,0D0,2.5D-1,0D0,0D0,2.5D-1;                               125P     63
110,1.5D0,0D0,-3.85D0,1.5D0,8D-1,-3.85D0;                            127P     64
110,2.9D0,8D-1,-3.85D0,2.9D0,0D0,-3.85D0;                            129P     65
124,0D0,1D0,0D0,2.9D0,0D0,0D0,1D0,8D-1,1D0,0D0,0D0,-3.6D0;           131P     66
100,0D0,0D0,0D0,2.5D-1,0D0,0D0,2.5D-1;                               133P     67
110,2.9D0,0D0,-3.35D0,2.9D0,8D-1,-3.35D0;                            135P     68
110,1.5D0,8D-1,-3.35D0,2.9D0,8D-1,-3.35D0;                           137P     69
110,1.5D0,8D-1,-3.35D0,1.5D0,0D0,-3.35D0;                            139P     70
110,-4.4732D0,8D-1,-4.85D0,-4.4732D0,1.15D0,-4.85D0;                 141P     71
110,-4.4732D0,8D-1,-5.15D0,-4.4732D0,9.5D-1,-5.15D0;                 143P     72
110,-4.4732D0,9.5D-1,-6.95D0,-4.4732D0,9.5D-1,-5.15D0;               145P     73
110,-4.4732D0,8D-1,-6.95D0,-4.4732D0,9.5D-1,-6.95D0;                 147P     74
110,-4.4732D0,1.15D0,-7.25D0,-4.4732D0,8D-1,-7.25D0;                 149P     75
124,0D0,-1D0,0D0,-4.3732D0,0D0,0D0,-1D0,8D-1,1D0,0D0,0D0,            151P     76
-4.85D0;                                                             151P     77
100,0D0,0D0,0D0,1D-1,0D0,0D0,1D-1;                                   153P     78
124,0D0,1D0,0D0,-1.9732D0,0D0,0D0,1D0,1.15D0,1D0,0D0,0D0,            155P     79
-4.85D0;                                                             155P     80
100,0D0,0D0,0D0,1D-1,0D0,0D0,1D-1;                                   157P     81
110,-4.3732D0,1.15D0,-4.75D0,-1.9732D0,1.15D0,-4.75D0;               159P     82
124,-1D0,0D0,0D0,-4.3732D0,0D0,0D0,1D0,1.15D0,0D0,1D0,0D0,           161P     83
-4.85D0;                                                             161P     84
100,0D0,0D0,0D0,1D-1,0D0,0D0,1D-1;                                   163P     85
110,-4.4732D0,1.15D0,-7.25D0,-4.4732D0,1.15D0,-4.85D0;               165P     86
124,0D0,-1D0,0D0,-4.3732D0,0D0,0D0,1D0,1.15D0,-1D0,0D0,0D0,          167P     87
-7.25D0;                                                             167P     88
100,0D0,0D0,0D0,1D-1,0D0,0D0,1D-1;                                   169P     89
110,-3.4732D0,1.15D0,-7.35D0,-4.3732D0,1.15D0,-7.35D0;               171P     90
110,-3.4732D0,1.15D0,-7.35D0,-3.4732D0,1.15D0,-7.55D0;               173P     91
110,-2.2732D0,1.15D0,-7.35D0,-2.8732D0,1.15D0,-7.35D0;               175P     92
110,-1.8732D0,1.15D0,-6.95D0,-2.2732D0,1.15D0,-7.35D0;               177P     93
110,-1.8732D0,1.15D0,-4.85D0,-1.8732D0,1.15D0,-6.95D0;               179P     94
124,1D0,0D0,0D0,-3.1732D0,0D0,0D0,1D0,1.95D0,0D0,-1D0,0D0,           181P     95
-6.05D0;                                                             181P     96
100,0D0,0D0,0D0,1D0,0D0,-1D0,0D0;                                    183P     97
124,-1D0,0D0,0D0,-3.1732D0,0D0,0D0,-1D0,1.15D0,0D0,-1D0,0D0,         185P     98
-6.05D0;                                                             185P     99
100,0D0,0D0,0D0,1D0,0D0,-1D0,0D0;                                    187P    100
110,-2.1732D0,1.15D0,-6.05D0,-2.1732D0,1.95D0,-6.049999999786D0;     189P    101
124,-2.664535259100D-14,1D0,0D0,-2.2732D0,1D0,                       191P    102
2.664535259100D-14,0D0,1.95D0,0D0,0D0,-1D0,-6.05D0;                  191P    103
100,0D0,0D0,0D0,1D-1,0D0,0D0,1D-1;                                   193P    104
124,0D0,-1D0,0D0,-3.1732D0,0D0,0D0,1D0,2.05D0,-1D0,0D0,0D0,          195P    105
-6.05D0;                                                             195P    106
100,0D0,0D0,0D0,8D-1,0D0,-8D-1,0D0;                                  197P    107
124,0D0,1D0,0D0,-3.1732D0,0D0,0D0,1D0,2.05D0,1D0,0D0,0D0,            199P    108
-6.05D0;                                                             199P    109
100,0D0,0D0,0D0,8D-1,0D0,-8D-1,0D0;                                  201P    110
124,-1D0,0D0,0D0,-3.1732D0,0D0,0D0,1D0,2.05D0,0D0,1D0,0D0,           203P    111
-6.05D0;                                                             203P    112
100,0D0,0D0,0D0,9D-1,0D0,-9D-1,0D0;                                  205P    113
124,1D0,0D0,0D0,-3.1732D0,0D0,0D0,1D0,2.05D0,0D0,-1D0,0D0,           207P    114
-6.05D0;                                                             207P    115
100,0D0,0D0,0D0,9D-1,0D0,-9D-1,0D0;                                  209P    116
110,-3.1732D0,2.05D0,-6.85D0,-3.1732D0,1.15D0,-6.85D0;               211P    117
110,-3.1732D0,2.05D0,-5.25D0,-3.1732D0,1.15D0,-5.25D0;               213P    118
124,0D0,-1D0,0D0,-3.1732D0,0D0,0D0,1D0,1.15D0,-1D0,0D0,0D0,          215P    119
-6.05D0;                                                             215P    120
100,0D0,0D0,0D0,8D-1,0D0,-8D-1,0D0;                                  217P    121
124,0D0,1D0,0D0,-3.1732D0,0D0,0D0,1D0,1.15D0,1D0,0D0,0D0,            219P    122
-6.05D0;                                                             219P    123
100,0D0,0D0,0D0,8D-1,0D0,-8D-1,0D0;                                  221P    124
124,1D0,0D0,0D0,-3.1732D0,0D0,0D0,-1D0,1.15D0,0D0,1D0,0D0,           223P    125
-6.05D0;                                                             223P    126
100,0D0,0D0,0D0,2.5D-1,0D0,-2.5D-1,0D0;                              225P    127
124,-1D0,0D0,0D0,-3.1732D0,0D0,0D0,-1D0,1.15D0,0D0,-1D0,0D0,         227P    128
-6.05D0;                                                             227P    129
100,0D0,0D0,0D0,2.5D-1,0D0,-2.5D-1,0D0;                              229P    130
124,-1D0,0D0,0D0,-3.1732D0,0D0,0D0,1D0,1.8D0,0D0,1D0,0D0,            231P    131
-6.05D0;                                                             231P    132
100,0D0,0D0,0D0,2.5D-1,0D0,-2.5D-1,0D0;                              233P    133
110,-2.9232D0,1.8D0,-6.05D0,-2.9232D0,1.15D0,-6.05D0;                235P    134
124,-1D0,0D0,0D0,-3.1732D0,0D0,0D0,-1D0,1.8D0,0D0,-1D0,0D0,          237P    135
-6.05D0;                                                             237P    136
100,0D0,0D0,0D0,2.5D-1,0D0,-2.5D-1,0D0;                              239P    137
110,-3.4232D0,1.8D0,-6.05D0,-3.4232D0,1.15D0,-6.05D0;                241P    138
124,0D0,-1D0,0D0,-3.1732D0,1D0,0D0,0D0,1.8D0,0D0,0D0,1D0,            243P    139
-6.05D0;                                                             243P    140
100,0D0,0D0,0D0,2.5D-1,0D0,0D0,2.5D-1;                               245P    141
124,0D0,1D0,0D0,-3.1732D0,1D0,0D0,0D0,1.8D0,0D0,0D0,-1D0,            247P    142
-6.05D0;                                                             247P    143
100,0D0,0D0,0D0,2.5D-1,0D0,0D0,2.5D-1;                               249P    144
124,3.552713678800D-14,-1D0,0D0,-4.0732D0,1D0,                       251P    145
3.552713678800D-14,0D0,1.95D0,0D0,0D0,1D0,-6.05D0;                   251P    146
100,0D0,0D0,0D0,1D-1,0D0,0D0,1D-1;                                   253P    147
124,-1D0,0D0,0D0,-3.1732D0,0D0,0D0,1D0,1.95D0,0D0,1D0,0D0,           255P    148
-6.05D0;                                                             255P    149
100,0D0,0D0,0D0,1D0,0D0,-1D0,0D0;                                    257P    150
124,1D0,0D0,0D0,-3.1732D0,0D0,0D0,-1D0,1.15D0,0D0,1D0,0D0,           259P    151
-6.05D0;                                                             259P    152
100,0D0,0D0,0D0,1D0,0D0,-1D0,0D0;                                    261P    153
110,-4.1732D0,1.15D0,-6.05D0,-4.1732D0,1.95D0,-6.050000000214D0;     263P    154
124,1D0,0D0,0D0,-1.9732D0,0D0,0D0,-1D0,8D-1,0D0,1D0,0D0,-4.85D0;     265P    155
100,0D0,0D0,0D0,1D-1,0D0,0D0,1D-1;                                   267P    156
110,-1.9732D0,8D-1,-4.75D0,-1.9732D0,1.15D0,-4.75D0;                 269P    157
110,-2.8732D0,8D-1,-4.75D0,-2.8732D0,9D-1,-4.75D0;                   271P    158
110,-2.8732D0,9D-1,-4.75D0,-3.4732D0,9D-1,-4.75D0;                   273P    159
110,-3.4732D0,8D-1,-4.75D0,-3.4732D0,9D-1,-4.75D0;                   275P    160
110,-4.3732D0,1.15D0,-4.75D0,-4.3732D0,8D-1,-4.75D0;                 277P    161
110,-3.4732D0,9D-1,-4.55D0,-3.4732D0,8D-1,-4.55D0;                   279P    162
110,-2.8732D0,9D-1,-4.55D0,-3.4732D0,9D-1,-4.55D0;                   281P    163
110,-2.8732D0,8D-1,-4.55D0,-2.8732D0,9D-1,-4.55D0;                   283P    164
110,-3.4732D0,9D-1,-4.75D0,-3.4732D0,9D-1,-4.55D0;                   285P    165
110,-2.8732D0,9D-1,-4.75D0,-2.8732D0,9D-1,-4.55D0;                   287P    166
110,-1.8732D0,1.15D0,-4.85D0,-1.8732D0,8D-1,-4.85D0;                 289P    167
110,-1.8732D0,1.15D0,-6.95D0,-1.8732D0,9.5D-1,-6.95D0;               291P    168
110,-1.8732D0,9.5D-1,-6.95D0,-1.8732D0,9.5D-1,-5.15D0;               293P    169
110,-1.8732D0,8D-1,-5.15D0,-1.8732D0,9.5D-1,-5.15D0;                 295P    170
110,-2.2732D0,8D-1,-7.35D0,-1.8732D0,8D-1,-6.95D0;                   297P    171
110,-1.7732D0,9.5D-1,-6.95D0,-1.7732D0,8D-1,-6.95D0;                 299P    172
110,-1.8732D0,9.5D-1,-6.95D0,-1.8732D0,8D-1,-6.95D0;                 301P    173
110,-4.5732D0,8D-1,-6.95D0,-4.5732D0,9.5D-1,-6.95D0;                 303P    174
124,0D0,1D0,0D0,-1.7732D0,0D0,0D0,-1D0,8D-1,-1D0,0D0,0D0,            305P    175
-6.85D0;                                                             305P    176
100,0D0,0D0,0D0,1D-1,0D0,0D0,1D-1;                                   307P    177
124,0D0,1D0,0D0,-1.7732D0,0D0,0D0,1D0,9.5D-1,1D0,0D0,0D0,            309P    178
-5.25D0;                                                             309P    179
100,0D0,0D0,0D0,1D-1,0D0,0D0,1D-1;                                   311P    180
110,-1.8732D0,9.5D-1,-6.95D0,-1.7732D0,9.5D-1,-6.95D0;               313P    181
124,1D0,0D0,0D0,-1.7732D0,0D0,0D0,1D0,9.5D-1,0D0,-1D0,0D0,           315P    182
-6.85D0;                                                             315P    183
100,0D0,0D0,0D0,1D-1,0D0,0D0,1D-1;                                   317P    184
124,-1D0,0D0,0D0,-4.5732D0,0D0,0D0,1D0,9.5D-1,0D0,1D0,0D0,           319P    185
-5.25D0;                                                             319P    186
100,0D0,0D0,0D0,1D-1,0D0,0D0,1D-1;                                   321P    187
124,0D0,-1D0,0D0,-4.5732D0,0D0,0D0,1D0,9.5D-1,-1D0,0D0,0D0,          323P    188
-6.85D0;                                                             323P    189
100,0D0,0D0,0D0,1D-1,0D0,0D0,1D-1;                                   325P    190
110,-4.5732D0,9.5D-1,-6.95D0,-4.4732D0,9.5D-1,-6.95D0;               327P    191
124,1D0,0D0,0D0,-1.7732D0,0D0,0D0,-1D0,8D-1,0D0,1D0,0D0,-5.25D0;     329P    192
100,0D0,0D0,0D0,1D-1,0D0,0D0,1D-1;                                   331P    193
110,-1.7732D0,8D-1,-5.15D0,-1.7732D0,9.5D-1,-5.15D0;                 333P    194
110,-1.8732D0,9.5D-1,-5.15D0,-1.7732D0,9.5D-1,-5.15D0;               335P    195
110,-4.5732D0,9.5D-1,-5.15D0,-4.5732D0,8D-1,-5.15D0;                 337P    196
110,-4.5732D0,9.5D-1,-5.15D0,-4.4732D0,9.5D-1,-5.15D0;               339P    197
124,0D0,-1D0,0D0,-4.5732D0,0D0,0D0,-1D0,8D-1,1D0,0D0,0D0,            341P    198
-5.25D0;                                                             341P    199
100,0D0,0D0,0D0,1D-1,0D0,0D0,1D-1;                                   343P    200
110,-4.6732D0,8D-1,-5.25D0,-4.6732D0,9.5D-1,-5.25D0;                 345P    201
110,-4.6732D0,9.5D-1,-6.85D0,-4.6732D0,8D-1,-6.85D0;                 347P    202
110,-4.6732D0,9.5D-1,-6.85D0,-4.6732D0,9.5D-1,-5.25D0;               349P    203
124,-1D0,0D0,0D0,-4.5732D0,0D0,0D0,-1D0,8D-1,0D0,-1D0,0D0,           351P    204
-6.85D0;                                                             351P    205
100,0D0,0D0,0D0,1D-1,0D0,0D0,1D-1;                                   353P    206
110,-1.6732D0,9.5D-1,-5.25D0,-1.6732D0,8D-1,-5.25D0;                 355P    207
110,-1.6732D0,9.5D-1,-6.85D0,-1.6732D0,9.5D-1,-5.25D0;               357P    208
110,-1.6732D0,8D-1,-6.85D0,-1.6732D0,9.5D-1,-6.85D0;                 359P    209
110,-4.3732D0,8D-1,-7.35D0,-4.3732D0,1.15D0,-7.35D0;                 361P    210
110,-2.2732D0,1.15D0,-7.35D0,-2.2732D0,8D-1,-7.35D0;                 363P    211
110,-2.8732D0,1.15D0,-7.35D0,-2.8732D0,9.5D-1,-7.35D0;               365P    212
110,-2.8732D0,9.5D-1,-7.35D0,-3.4732D0,9.5D-1,-7.35D0;               367P    213
110,-3.4732D0,1.15D0,-7.35D0,-3.4732D0,9.5D-1,-7.35D0;               369P    214
124,-1D0,0D0,0D0,-4.3732D0,0D0,0D0,-1D0,8D-1,0D0,-1D0,0D0,           371P    215
-7.25D0;                                                             371P    216
100,0D0,0D0,0D0,1D-1,0D0,0D0,1D-1;                                   373P    217
110,-2.8732D0,1.15D0,-7.35D0,-2.8732D0,1.15D0,-7.55D0;               375P    218
110,-2.8732D0,1.15D0,-7.55D0,-2.8732D0,9.5D-1,-7.55D0;               377P    219
110,-3.4732D0,1.15D0,-7.55D0,-2.8732D0,1.15D0,-7.55D0;               379P    220
110,-3.4732D0,9.5D-1,-7.55D0,-3.4732D0,1.15D0,-7.55D0;               381P    221
110,-2.8732D0,9.5D-1,-7.55D0,-3.4732D0,9.5D-1,-7.55D0;               383P    222
110,-3.4732D0,9.5D-1,-7.35D0,-3.4732D0,9.5D-1,-7.55D0;               385P    223
110,-2.8732D0,9.5D-1,-7.35D0,-2.8732D0,9.5D-1,-7.55D0;               387P    224
128,1,1,1,1,0,0,1,0,0,-5.46D0,-5.46D0,5.46D0,5.46D0,-8.06D0,         389P    225
-8.06D0,8.06D0,8.06D0,1D0,1D0,1D0,1D0,-5.46D0,0D0,8.06D0,5.46D0,     389P    226
0D0,8.06D0,-5.46D0,0D0,-8.06D0,5.46D0,0D0,-8.06D0,-5.46D0,           389P    227
5.46D0,-8.06D0,8.06D0;                                               389P    228
102,4,19,21,23,25;                                                   391P    229
110,-5.25D0,7.75D0,0D0,-5.25D0,-7.75D0,0D0;                          393P    230
110,-5.25D0,-7.75D0,0D0,5.25D0,-7.75D0,0D0;                          395P    231
110,5.25D0,-7.75D0,0D0,5.25D0,7.75D0,0D0;                            397P    232
110,5.25D0,7.75D0,0D0,-5.25D0,7.75D0,0D0;                            399P    233
102,4,393,395,397,399;                                               401P    234
142,0,389,401,391,1;                                                 403P    235
110,1.5D0,0D0,-3.85D0,2.9D0,0D0,-3.85D0;                             405P    236
110,2.9D0,0D0,-3.35D0,1.5D0,0D0,-3.35D0;                             407P    237
102,4,29,405,35,407;                                                 409P    238
126,13,3,0,0,1,0,0D0,0D0,0D0,0D0,9.090909090909D-2,                  411P    239
1.818181818182D-1,2.727272727273D-1,3.636363636364D-1,               411P    240
4.545454545455D-1,5.454545454545D-1,6.363636363636D-1,               411P    241
7.272727272727D-1,8.181818181818D-1,9.090909090909D-1,1D0,1D0,       411P    242
1D0,1D0,1D0,1D0,1D0,1D0,1D0,1D0,1D0,1D0,1D0,1D0,1D0,1D0,1D0,1D0,     411P    243
1.5D0,3.35D0,0D0,1.476172896737D0,3.349904481483D0,0D0,              411P    244
1.428615848447D0,3.356887905996D0,0D0,1.362986350068D0,              411P    245
3.386796146366D0,0D0,1.308477525098D0,3.434047209292D0,0D0,          411P    246
1.269479188009D0,3.494723915548D0,0D0,1.249157729834D0,              411P    247
3.563934609014D0,0D0,1.249157729834D0,3.636065390986D0,0D0,          411P    248
1.269479188009D0,3.705276084452D0,0D0,1.308477525098D0,              411P    249
3.765952790708D0,0D0,1.362986350068D0,3.813203853634D0,0D0,          411P    250
1.428615848447D0,3.843112094004D0,0D0,1.476172896737D0,              411P    251
3.850095518517D0,0D0,1.5D0,3.85D0,0D0,0D0,1D0,0D0,0D0,1D0;           411P    252
110,1.5D0,3.85D0,0D0,2.9D0,3.85D0,0D0;                               413P    253
126,13,3,0,0,1,0,0D0,0D0,0D0,0D0,9.090909090909D-2,                  415P    254
1.818181818182D-1,2.727272727273D-1,3.636363636364D-1,               415P    255
4.545454545455D-1,5.454545454545D-1,6.363636363636D-1,               415P    256
7.272727272727D-1,8.181818181818D-1,9.090909090909D-1,1D0,1D0,       415P    257
1D0,1D0,1D0,1D0,1D0,1D0,1D0,1D0,1D0,1D0,1D0,1D0,1D0,1D0,1D0,1D0,     415P    258
2.9D0,3.85D0,0D0,2.923827103263D0,3.850095518517D0,0D0,              415P    259
2.971384151553D0,3.843112094004D0,0D0,3.037013649932D0,              415P    260
3.813203853634D0,0D0,3.091522474902D0,3.765952790708D0,0D0,          415P    261
3.130520811991D0,3.705276084452D0,0D0,3.150842270166D0,              415P    262
3.636065390986D0,0D0,3.150842270166D0,3.563934609014D0,0D0,          415P    263
3.130520811991D0,3.494723915548D0,0D0,3.091522474902D0,              415P    264
3.434047209292D0,0D0,3.037013649932D0,3.386796146366D0,0D0,          415P    265
2.971384151553D0,3.356887905996D0,0D0,2.923827103263D0,              415P    266
3.349904481483D0,0D0,2.9D0,3.35D0,0D0,0D0,1D0,0D0,0D0,1D0;           415P    267
110,2.9D0,3.35D0,0D0,1.5D0,3.35D0,0D0;                               417P    268
102,4,411,413,415,417;                                               419P    269
142,0,389,419,409,1;                                                 421P    270
144,389,1,1,403,421;                                                 423P    271
128,1,1,1,1,0,0,1,0,0,-3.1D-1,-3.1D-1,1.581D1,1.581D1,               425P    272
-2.471257169944D-2,-2.471257169944D-2,8.247125716994D-1,             425P    273
8.247125716994D-1,1D0,1D0,1D0,1D0,-5.25D0,-2.471257169944D-2,        425P    274
-8.06D0,-5.25D0,-2.471257169944D-2,8.06D0,-5.25D0,                   425P    275
8.247125716994D-1,-8.06D0,-5.25D0,8.247125716994D-1,8.06D0,          425P    276
-3.1D-1,1.581D1,-2.471257169944D-2,8.247125716994D-1;                425P    277
110,-5.25D0,8D-1,7.75D0,-5.25D0,8D-1,-7.75D0;                        427P    278
110,-5.25D0,8D-1,-7.75D0,-5.25D0,0D0,-7.75D0;                        429P    279
102,4,19,45,427,429;                                                 431P    280
110,0D0,0D0,0D0,1.55D1,0D0,0D0;                                      433P    281
110,1.55D1,0D0,0D0,1.55D1,8D-1,0D0;                                  435P    282
110,1.55D1,8D-1,0D0,0D0,8D-1,0D0;                                    437P    283
110,0D0,8D-1,0D0,0D0,0D0,0D0;                                        439P    284
102,4,433,435,437,439;                                               441P    285
142,0,425,441,431,1;                                                 443P    286
144,425,1,0,443;                                                     445P    287
128,1,1,1,1,0,0,1,0,0,-2.1D-1,-2.1D-1,1.071D1,1.071D1,               447P    288
-2.471257169944D-2,-2.471257169944D-2,8.247125716994D-1,             447P    289
8.247125716994D-1,1D0,1D0,1D0,1D0,5.46D0,-2.471257169944D-2,         447P    290
-7.75D0,-5.46D0,-2.471257169944D-2,-7.75D0,5.46D0,                   447P    291
8.247125716994D-1,-7.75D0,-5.46D0,8.247125716994D-1,-7.75D0,         447P    292
-2.1D-1,1.071D1,-2.471257169944D-2,8.247125716994D-1;                447P    293
110,-5.25D0,8D-1,-7.75D0,5.25D0,8D-1,-7.75D0;                        449P    294
110,5.25D0,8D-1,-7.75D0,5.25D0,0D0,-7.75D0;                          451P    295
102,4,25,39,449,451;                                                 453P    296
110,0D0,0D0,0D0,1.05D1,0D0,0D0;                                      455P    297
110,1.05D1,0D0,0D0,1.05D1,8D-1,0D0;                                  457P    298
110,1.05D1,8D-1,0D0,0D0,8D-1,0D0;                                    459P    299
110,0D0,8D-1,0D0,0D0,0D0,0D0;                                        461P    300
102,4,455,457,459,461;                                               463P    301
142,0,447,463,453,1;                                                 465P    302
144,447,1,0,465;                                                     467P    303
128,1,1,1,1,0,0,1,0,0,-3.1D-1,-3.1D-1,1.581D1,1.581D1,               469P    304
-2.471257169944D-2,-2.471257169944D-2,8.247125716994D-1,             469P    305
8.247125716994D-1,1D0,1D0,1D0,1D0,5.25D0,-2.471257169944D-2,         469P    306
8.06D0,5.25D0,-2.471257169944D-2,-8.06D0,5.25D0,                     469P    307
8.247125716994D-1,8.06D0,5.25D0,8.247125716994D-1,-8.06D0,           469P    308
-3.1D-1,1.581D1,-2.471257169944D-2,8.247125716994D-1;                469P    309
110,5.25D0,8D-1,-7.75D0,5.25D0,8D-1,7.75D0;                          471P    310
110,5.25D0,8D-1,7.75D0,5.25D0,0D0,7.75D0;                            473P    311
102,4,23,41,471,473;                                                 475P    312
110,0D0,0D0,0D0,1.55D1,0D0,0D0;                                      477P    313
110,1.55D1,0D0,0D0,1.55D1,8D-1,0D0;                                  479P    314
110,1.55D1,8D-1,0D0,0D0,8D-1,0D0;                                    481P    315
110,0D0,8D-1,0D0,0D0,0D0,0D0;                                        483P    316
102,4,477,479,481,483;                                               485P    317
142,0,469,485,475,1;                                                 487P    318
144,469,1,0,487;                                                     489P    319
128,1,1,1,1,0,0,1,0,0,-2.1D-1,-2.1D-1,1.071D1,1.071D1,               491P    320
-2.471257169944D-2,-2.471257169944D-2,8.247125716994D-1,             491P    321
8.247125716994D-1,1D0,1D0,1D0,1D0,-5.46D0,-2.471257169944D-2,        491P    322
7.75D0,5.46D0,-2.471257169944D-2,7.75D0,-5.46D0,                     491P    323
8.247125716994D-1,7.75D0,5.46D0,8.247125716994D-1,7.75D0,            491P    324
-2.1D-1,1.071D1,-2.471257169944D-2,8.247125716994D-1;                491P    325
110,5.25D0,8D-1,7.75D0,-5.25D0,8D-1,7.75D0;                          493P    326
110,-5.25D0,8D-1,7.75D0,-5.25D0,0D0,7.75D0;                          495P    327
102,4,21,43,493,495;                                                 497P    328
110,0D0,0D0,0D0,1.05D1,0D0,0D0;                                      499P    329
110,1.05D1,0D0,0D0,1.05D1,8D-1,0D0;                                  501P    330
110,1.05D1,8D-1,0D0,0D0,8D-1,0D0;                                    503P    331
110,0D0,8D-1,0D0,0D0,0D0,0D0;                                        505P    332
102,4,499,501,503,505;                                               507P    333
142,0,491,507,497,1;                                                 509P    334
144,491,1,0,509;                                                     511P    335
128,1,1,1,1,0,0,1,0,0,-5.46D0,-5.46D0,5.46D0,5.46D0,-8.06D0,         513P    336
-8.06D0,8.06D0,8.06D0,1D0,1D0,1D0,1D0,-5.46D0,8D-1,8.06D0,           513P    337
5.46D0,8D-1,8.06D0,-5.46D0,8D-1,-8.06D0,5.46D0,8D-1,-8.06D0,         513P    338
-5.46D0,5.46D0,-8.06D0,8.06D0;                                       513P    339
102,4,47,53,51,49;                                                   515P    340
110,-5.25D0,7.75D0,0D0,-5.25D0,-7.75D0,0D0;                          517P    341
110,-5.25D0,-7.75D0,0D0,5.25D0,-7.75D0,0D0;                          519P    342
110,5.25D0,-7.75D0,0D0,5.25D0,7.75D0,0D0;                            521P    343
110,5.25D0,7.75D0,0D0,-5.25D0,7.75D0,0D0;                            523P    344
102,4,517,519,521,523;                                               525P    345
142,0,513,525,515,1;                                                 527P    346
110,-4.75D0,8D-1,7.3D0,-4.75D0,8D-1,-3.6D0;                          529P    347
110,-4.75D0,8D-1,-3.6D0,1.25D0,8D-1,-3.6D0;                          531P    348
124,-1D0,0D0,0D0,1.5D0,0D0,0D0,-1D0,8D-1,0D0,-1D0,0D0,-3.6D0;        533P    349
100,0D0,0D0,0D0,2.5D-1,0D0,0D0,2.5D-1;                               535P    350
124,0D0,1D0,0D0,2.9D0,0D0,0D0,-1D0,8D-1,-1D0,0D0,0D0,-3.6D0;         537P    351
100,0D0,0D0,0D0,2.5D-1,0D0,0D0,2.5D-1;                               539P    352
110,3.15D0,8D-1,-3.6D0,4.75D0,8D-1,-3.6D0;                           541P    353
110,4.75D0,8D-1,-3.6D0,4.75D0,8D-1,7.3D0;                            543P    354
110,4.75D0,8D-1,7.3D0,-4.75D0,8D-1,7.3D0;                            545P    355
102,8,529,531,535,67,539,541,543,545;                                547P    356
110,-4.75D0,-7.3D0,0D0,-4.75D0,3.6D0,0D0;                            549P    357
110,-4.75D0,3.6D0,0D0,1.25D0,3.6D0,0D0;                              551P    358
126,8,3,0,0,1,0,0D0,0D0,0D0,0D0,1.665663270859D-1,                   553P    359
3.331500442888D-1,4.997684222811D-1,6.664384948890D-1,               553P    360
8.331308188146D-1,1D0,1D0,1D0,1D0,1D0,1D0,1D0,1D0,1D0,1D0,1D0,       553P    361
1D0,1D0,1.25D0,3.6D0,0D0,1.249932359059D0,3.621820594114D0,0D0,      553P    362
1.255769015455D0,3.665402351754D0,0D0,1.280965374312D0,              553P    363
3.726378243151D0,0D0,1.321135157319D0,3.778743533983D0,0D0,          553P    364
1.373484446933D0,3.818958602351D0,0D0,1.434503473668D0,              553P    365
3.844213004761D0,0D0,1.478139277592D0,3.850068018434D0,0D0,          553P    366
1.5D0,3.85D0,0D0,0D0,1D0,0D0,0D0,1D0;                                553P    367
110,1.5D0,3.85D0,0D0,2.9D0,3.85D0,0D0;                               555P    368
126,8,3,0,0,1,0,0D0,0D0,0D0,0D0,1.668691811854D-1,                   557P    369
3.335615051110D-1,5.002315777189D-1,6.668499557112D-1,               557P    370
8.334336729141D-1,1D0,1D0,1D0,1D0,1D0,1D0,1D0,1D0,1D0,1D0,1D0,       557P    371
1D0,1D0,2.9D0,3.85D0,0D0,2.921860722408D0,3.850068018434D0,0D0,      557P    372
2.965496526332D0,3.844213004761D0,0D0,3.026515553067D0,              557P    373
3.818958602351D0,0D0,3.078864842681D0,3.778743533983D0,0D0,          557P    374
3.119034625688D0,3.726378243151D0,0D0,3.144230984545D0,              557P    375
3.665402351754D0,0D0,3.150067640941D0,3.621820594114D0,0D0,          557P    376
3.15D0,3.6D0,0D0,0D0,1D0,0D0,0D0,1D0;                                557P    377
110,3.15D0,3.6D0,0D0,4.75D0,3.6D0,0D0;                               559P    378
110,4.75D0,3.6D0,0D0,4.75D0,-7.3D0,0D0;                              561P    379
110,4.75D0,-7.3D0,0D0,-4.75D0,-7.3D0,0D0;                            563P    380
102,8,549,551,553,555,557,559,561,563;                               565P    381
142,0,513,565,547,1;                                                 567P    382
110,-4.4732D0,8D-1,-4.85D0,-4.4732D0,8D-1,-5.15D0;                   569P    383
110,-4.4732D0,8D-1,-5.15D0,-4.5732D0,8D-1,-5.15D0;                   571P    384
110,-4.4732D0,8D-1,-6.95D0,-4.4732D0,8D-1,-7.25D0;                   573P    385
110,-4.3732D0,8D-1,-7.35D0,-2.2732D0,8D-1,-7.35D0;                   575P    386
110,-1.6732D0,8D-1,-6.85D0,-1.6732D0,8D-1,-5.25D0;                   577P    387
110,-1.7732D0,8D-1,-5.15D0,-1.8732D0,8D-1,-5.15D0;                   579P    388
110,-1.8732D0,8D-1,-5.15D0,-1.8732D0,8D-1,-4.85D0;                   581P    389
110,-1.9732D0,8D-1,-4.75D0,-2.8732D0,8D-1,-4.75D0;                   583P    390
110,-2.8732D0,8D-1,-4.55D0,-3.4732D0,8D-1,-4.55D0;                   585P    391
110,-3.4732D0,8D-1,-4.55D0,-3.4732D0,8D-1,-4.75D0;                   587P    392
110,-3.4732D0,8D-1,-4.75D0,-4.3732D0,8D-1,-4.75D0;                   589P    393
102,23,569,571,343,101,353,99,573,373,575,297,93,307,577,331,        591P    394
579,581,267,583,83,585,587,589,153;                                  591P    395
110,-4.4732D0,4.85D0,0D0,-4.4732D0,5.15D0,0D0;                       593P    396
110,-4.4732D0,5.15D0,0D0,-4.5732D0,5.15D0,0D0;                       595P    397
126,6,3,0,0,1,0,0D0,0D0,0D0,0D0,2.5D-1,5D-1,7.5D-1,1D0,1D0,1D0,      597P    398
1D0,1D0,1D0,1D0,1D0,1D0,1D0,1D0,-4.5732D0,5.15D0,0D0,                597P    399
-4.586332807795D0,5.149871983303D0,0D0,-4.612439344629D0,            597P    400
5.155267842018D0,0D0,-4.645773141525D0,5.177426858475D0,0D0,         597P    401
-4.667932157982D0,5.210760655371D0,0D0,-4.673328016697D0,            597P    402
5.236867192205D0,0D0,-4.6732D0,5.25D0,0D0,0D0,1D0,0D0,0D0,1D0;       597P    403
110,-4.6732D0,5.25D0,0D0,-4.6732D0,6.85D0,0D0;                       599P    404
126,6,3,0,0,1,0,0D0,0D0,0D0,0D0,2.5D-1,5D-1,7.5D-1,1D0,1D0,1D0,      601P    405
1D0,1D0,1D0,1D0,1D0,1D0,1D0,1D0,-4.6732D0,6.85D0,0D0,                601P    406
-4.673328016697D0,6.863132807795D0,0D0,-4.667932157982D0,            601P    407
6.889239344629D0,0D0,-4.645773141525D0,6.922573141525D0,0D0,         601P    408
-4.612439344629D0,6.944732157982D0,0D0,-4.586332807795D0,            601P    409
6.950128016697D0,0D0,-4.5732D0,6.95D0,0D0,0D0,1D0,0D0,0D0,1D0;       601P    410
110,-4.5732D0,6.95D0,0D0,-4.4732D0,6.95D0,0D0;                       603P    411
110,-4.4732D0,6.95D0,0D0,-4.4732D0,7.25D0,0D0;                       605P    412
126,6,3,0,0,1,0,0D0,0D0,0D0,0D0,2.5D-1,5D-1,7.5D-1,1D0,1D0,1D0,      607P    413
1D0,1D0,1D0,1D0,1D0,1D0,1D0,1D0,-4.4732D0,7.25D0,0D0,                607P    414
-4.473328016697D0,7.263132807795D0,0D0,-4.467932157982D0,            607P    415
7.289239344629D0,0D0,-4.445773141525D0,7.322573141525D0,0D0,         607P    416
-4.412439344629D0,7.344732157982D0,0D0,-4.386332807795D0,            607P    417
7.350128016697D0,0D0,-4.3732D0,7.35D0,0D0,0D0,1D0,0D0,0D0,1D0;       607P    418
110,-4.3732D0,7.35D0,0D0,-2.2732D0,7.35D0,0D0;                       609P    419
110,-2.2732D0,7.35D0,0D0,-1.8732D0,6.95D0,0D0;                       611P    420
110,-1.8732D0,6.95D0,0D0,-1.7732D0,6.95D0,0D0;                       613P    421
126,6,3,0,0,1,0,0D0,0D0,0D0,0D0,2.5D-1,5D-1,7.5D-1,1D0,1D0,1D0,      615P    422
1D0,1D0,1D0,1D0,1D0,1D0,1D0,1D0,-1.7732D0,6.95D0,0D0,                615P    423
-1.760067192205D0,6.950128016697D0,0D0,-1.733960655371D0,            615P    424
6.944732157982D0,0D0,-1.700626858475D0,6.922573141525D0,0D0,         615P    425
-1.678467842018D0,6.889239344629D0,0D0,-1.673071983303D0,            615P    426
6.863132807795D0,0D0,-1.6732D0,6.85D0,0D0,0D0,1D0,0D0,0D0,1D0;       615P    427
110,-1.6732D0,6.85D0,0D0,-1.6732D0,5.25D0,0D0;                       617P    428
126,6,3,0,0,1,0,0D0,0D0,0D0,0D0,2.5D-1,5D-1,7.5D-1,1D0,1D0,1D0,      619P    429
1D0,1D0,1D0,1D0,1D0,1D0,1D0,1D0,-1.6732D0,5.25D0,0D0,                619P    430
-1.673071983303D0,5.236867192205D0,0D0,-1.678467842018D0,            619P    431
5.210760655371D0,0D0,-1.700626858475D0,5.177426858475D0,0D0,         619P    432
-1.733960655371D0,5.155267842018D0,0D0,-1.760067192205D0,            619P    433
5.149871983303D0,0D0,-1.7732D0,5.15D0,0D0,0D0,1D0,0D0,0D0,1D0;       619P    434
110,-1.7732D0,5.15D0,0D0,-1.8732D0,5.15D0,0D0;                       621P    435
110,-1.8732D0,5.15D0,0D0,-1.8732D0,4.85D0,0D0;                       623P    436
126,6,3,0,0,1,0,0D0,0D0,0D0,0D0,2.5D-1,5D-1,7.5D-1,1D0,1D0,1D0,      625P    437
1D0,1D0,1D0,1D0,1D0,1D0,1D0,1D0,-1.8732D0,4.85D0,0D0,                625P    438
-1.873071983303D0,4.836867192205D0,0D0,-1.878467842018D0,            625P    439
4.810760655371D0,0D0,-1.900626858475D0,4.777426858475D0,0D0,         625P    440
-1.933960655371D0,4.755267842018D0,0D0,-1.960067192205D0,            625P    441
4.749871983303D0,0D0,-1.9732D0,4.75D0,0D0,0D0,1D0,0D0,0D0,1D0;       625P    442
110,-1.9732D0,4.75D0,0D0,-2.8732D0,4.75D0,0D0;                       627P    443
110,-2.8732D0,4.75D0,0D0,-2.8732D0,4.55D0,0D0;                       629P    444
110,-2.8732D0,4.55D0,0D0,-3.4732D0,4.55D0,0D0;                       631P    445
110,-3.4732D0,4.55D0,0D0,-3.4732D0,4.75D0,0D0;                       633P    446
110,-3.4732D0,4.75D0,0D0,-4.3732D0,4.75D0,0D0;                       635P    447
126,6,3,0,0,1,0,0D0,0D0,0D0,0D0,2.5D-1,5D-1,7.5D-1,1D0,1D0,1D0,      637P    448
1D0,1D0,1D0,1D0,1D0,1D0,1D0,1D0,-4.3732D0,4.75D0,0D0,                637P    449
-4.386332807795D0,4.749871983303D0,0D0,-4.412439344629D0,            637P    450
4.755267842018D0,0D0,-4.445773141525D0,4.777426858475D0,0D0,         637P    451
-4.467932157982D0,4.810760655371D0,0D0,-4.473328016697D0,            637P    452
4.836867192205D0,0D0,-4.4732D0,4.85D0,0D0,0D0,1D0,0D0,0D0,1D0;       637P    453
102,23,593,595,597,599,601,603,605,607,609,611,613,615,617,619,      639P    454
621,623,625,627,629,631,633,635,637;                                 639P    455
142,0,513,639,591,1;                                                 641P    456
144,513,1,2,527,567,641;                                             643P    457
128,1,1,1,1,0,0,1,0,0,-2.18D-1,-2.18D-1,1.1118D1,1.1118D1,           645P    458
-2.471257169944D-2,-2.471257169944D-2,1.224712571699D0,              645P    459
1.224712571699D0,1D0,1D0,1D0,1D0,-4.75D0,7.752874283006D-1,          645P    460
-3.818D0,-4.75D0,7.752874283006D-1,7.518D0,-4.75D0,                  645P    461
2.024712571699D0,-3.818D0,-4.75D0,2.024712571699D0,7.518D0,          645P    462
-2.18D-1,1.1118D1,-2.471257169944D-2,1.224712571699D0;               645P    463
110,-4.75D0,2D0,7.3D0,-4.75D0,2D0,-3.6D0;                            647P    464
110,-4.75D0,2D0,-3.6D0,-4.75D0,8D-1,-3.6D0;                          649P    465
102,4,55,111,647,649;                                                651P    466
110,0D0,0D0,0D0,1.09D1,0D0,0D0;                                      653P    467
110,1.09D1,0D0,0D0,1.09D1,1.2D0,0D0;                                 655P    468
110,1.09D1,1.2D0,0D0,0D0,1.2D0,0D0;                                  657P    469
110,0D0,1.2D0,0D0,0D0,0D0,0D0;                                       659P    470
102,4,653,655,657,659;                                               661P    471
142,0,645,661,651,1;                                                 663P    472
144,645,1,0,663;                                                     665P    473
128,1,1,1,1,0,0,1,0,0,-1.9D-1,-1.9D-1,9.69D0,9.69D0,                 667P    474
-2.471257169944D-2,-2.471257169944D-2,1.224712571699D0,              667P    475
1.224712571699D0,1D0,1D0,1D0,1D0,4.94D0,7.752874283006D-1,           667P    476
-3.6D0,-4.94D0,7.752874283006D-1,-3.6D0,4.94D0,2.024712571699D0,     667P    477
-3.6D0,-4.94D0,2.024712571699D0,-3.6D0,-1.9D-1,9.69D0,               667P    478
-2.471257169944D-2,1.224712571699D0;                                 667P    479
110,-4.75D0,2D0,-3.6D0,4.75D0,2D0,-3.6D0;                            669P    480
110,4.75D0,2D0,-3.6D0,4.75D0,8D-1,-3.6D0;                            671P    481
102,6,61,121,73,105,669,671;                                         673P    482
110,0D0,0D0,0D0,1.6D0,0D0,0D0;                                       675P    483
110,1.6D0,0D0,0D0,3.5D0,0D0,0D0;                                     677P    484
110,3.5D0,0D0,0D0,9.5D0,0D0,0D0;                                     679P    485
110,9.5D0,0D0,0D0,9.5D0,1.2D0,0D0;                                   681P    486
110,9.5D0,1.2D0,0D0,0D0,1.2D0,0D0;                                   683P    487
110,0D0,1.2D0,0D0,0D0,0D0,0D0;                                       685P    488
102,6,675,677,679,681,683,685;                                       687P    489
142,0,667,687,673,1;                                                 689P    490
144,667,1,0,689;                                                     691P    491
128,1,1,1,1,0,0,1,0,0,-2.18D-1,-2.18D-1,1.1118D1,1.1118D1,           693P    492
-2.471257169944D-2,-2.471257169944D-2,1.224712571699D0,              693P    493
1.224712571699D0,1D0,1D0,1D0,1D0,4.75D0,7.752874283006D-1,           693P    494
7.518D0,4.75D0,7.752874283006D-1,-3.818D0,4.75D0,                    693P    495
2.024712571699D0,7.518D0,4.75D0,2.024712571699D0,-3.818D0,           693P    496
-2.18D-1,1.1118D1,-2.471257169944D-2,1.224712571699D0;               693P    497
110,4.75D0,2D0,-3.6D0,4.75D0,2D0,7.3D0;                              695P    498
110,4.75D0,2D0,7.3D0,4.75D0,8D-1,7.3D0;                              697P    499
102,4,59,107,695,697;                                                699P    500
110,0D0,0D0,0D0,1.09D1,0D0,0D0;                                      701P    501
110,1.09D1,0D0,0D0,1.09D1,1.2D0,0D0;                                 703P    502
110,1.09D1,1.2D0,0D0,0D0,1.2D0,0D0;                                  705P    503
110,0D0,1.2D0,0D0,0D0,0D0,0D0;                                       707P    504
102,4,701,703,705,707;                                               709P    505
142,0,693,709,699,1;                                                 711P    506
144,693,1,0,711;                                                     713P    507
128,1,1,1,1,0,0,1,0,0,-1.9D-1,-1.9D-1,9.69D0,9.69D0,                 715P    508
-2.471257169944D-2,-2.471257169944D-2,1.224712571699D0,              715P    509
1.224712571699D0,1D0,1D0,1D0,1D0,-4.94D0,7.752874283006D-1,          715P    510
7.3D0,4.94D0,7.752874283006D-1,7.3D0,-4.94D0,2.024712571699D0,       715P    511
7.3D0,4.94D0,2.024712571699D0,7.3D0,-1.9D-1,9.69D0,                  715P    512
-2.471257169944D-2,1.224712571699D0;                                 715P    513
110,4.75D0,2D0,7.3D0,-4.75D0,2D0,7.3D0;                              717P    514
110,-4.75D0,2D0,7.3D0,-4.75D0,8D-1,7.3D0;                            719P    515
102,4,57,109,717,719;                                                721P    516
110,0D0,0D0,0D0,9.5D0,0D0,0D0;                                       723P    517
110,9.5D0,0D0,0D0,9.5D0,1.2D0,0D0;                                   725P    518
110,9.5D0,1.2D0,0D0,0D0,1.2D0,0D0;                                   727P    519
110,0D0,1.2D0,0D0,0D0,0D0,0D0;                                       729P    520
102,4,723,725,727,729;                                               731P    521
142,0,715,731,721,1;                                                 733P    522
144,715,1,0,733;                                                     735P    523
128,1,1,1,1,0,0,1,0,0,-4.94D0,-4.94D0,4.94D0,4.94D0,-7.518D0,        737P    524
-7.518D0,3.818D0,3.818D0,1D0,1D0,1D0,1D0,-4.94D0,2D0,7.518D0,        737P    525
4.94D0,2D0,7.518D0,-4.94D0,2D0,-3.818D0,4.94D0,2D0,-3.818D0,         737P    526
-4.94D0,4.94D0,-7.518D0,3.818D0;                                     737P    527
102,4,113,119,117,115;                                               739P    528
110,-4.75D0,3.6D0,0D0,-4.75D0,-7.3D0,0D0;                            741P    529
110,-4.75D0,-7.3D0,0D0,4.75D0,-7.3D0,0D0;                            743P    530
110,4.75D0,-7.3D0,0D0,4.75D0,3.6D0,0D0;                              745P    531
110,4.75D0,3.6D0,0D0,-4.75D0,3.6D0,0D0;                              747P    532
102,4,741,743,745,747;                                               749P    533
142,0,737,749,739,1;                                                 751P    534
144,737,1,0,751;                                                     753P    535
128,1,1,1,1,0,0,1,0,0,1.212D0,1.212D0,3.188D0,3.188D0,               755P    536
3.325287428301D0,3.325287428301D0,3.624712571699D0,                  755P    537
3.624712571699D0,1D0,1D0,1D0,1D0,1.212D0,8D-1,-3.325287428301D0,     755P    538
3.188D0,8D-1,-3.325287428301D0,1.212D0,8D-1,-3.624712571699D0,       755P    539
3.188D0,8D-1,-3.624712571699D0,1.212D0,3.188D0,3.325287428301D0,     755P    540
3.624712571699D0;                                                    755P    541
102,4,125,137,133,121;                                               757P    542
126,8,3,0,0,1,0,0D0,0D0,0D0,0D0,1.666083649410D-1,                   759P    543
3.331525424267D-1,4.996985761655D-1,6.663123532591D-1,               759P    544
8.329464696840D-1,1D0,1D0,1D0,1D0,1D0,1D0,1D0,1D0,1D0,1D0,1D0,       759P    545
1D0,1D0,1.25D0,3.6D0,0D0,1.249932328703D0,3.578173815040D0,0D0,      759P    546
1.255770563369D0,3.534591703763D0,0D0,1.280965433778D0,              759P    547
3.473625577279D0,0D0,1.321118488678D0,3.421276313340D0,0D0,          759P    548
1.373441622081D0,3.381068463049D0,0D0,1.434462370337D0,              759P    549
3.355795794367D0,0D0,1.478114773193D0,3.349931833736D0,0D0,          759P    550
1.5D0,3.35D0,0D0,0D0,1D0,0D0,0D0,1D0;                                759P    551
110,1.5D0,3.35D0,0D0,2.9D0,3.35D0,0D0;                               761P    552
126,8,3,0,0,1,0,0D0,0D0,0D0,0D0,1.670535303160D-1,                   763P    553
3.336876467409D-1,5.003014238345D-1,6.668474575733D-1,               763P    554
8.333916350590D-1,1D0,1D0,1D0,1D0,1D0,1D0,1D0,1D0,1D0,1D0,1D0,       763P    555
1D0,1D0,2.9D0,3.35D0,0D0,2.921885226807D0,3.349931833736D0,0D0,      763P    556
2.965537629663D0,3.355795794367D0,0D0,3.026558377919D0,              763P    557
3.381068463049D0,0D0,3.078881511322D0,3.421276313340D0,0D0,          763P    558
3.119034566222D0,3.473625577279D0,0D0,3.144229436631D0,              763P    559
3.534591703763D0,0D0,3.150067671297D0,3.578173815040D0,0D0,          763P    560
3.15D0,3.6D0,0D0,0D0,1D0,0D0,0D0,1D0;                                763P    561
110,3.15D0,3.6D0,0D0,1.25D0,3.6D0,0D0;                               765P    562
102,4,759,761,763,765;                                               767P    563
142,0,755,767,757,1;                                                 769P    564
144,755,1,0,769;                                                     771P    565
110,1.5D0,8D-1,-3.6D0,1.5D0,1.8D0,-3.6D0;                            773P    566
110,1.75D0,-2.471257169944D-2,-3.6D0,1.75D0,8.247125716994D-1,       775P    567
-3.6D0;                                                              775P    568
120,773,775,1.471946039997D0,4.811239267182D0;                       777P    569
102,5,125,139,29,127,71;                                             779P    570
110,9.709067103894D-1,3.141592653590D0,0D0,9.709067103894D-1,        781P    571
4.712388980385D0,0D0;                                                781P    572
110,9.709067103894D-1,4.712388980385D0,0D0,2.909328961061D-2,        783P    573
4.712388980385D0,0D0;                                                783P    574
110,2.909328961061D-2,4.712388980385D0,0D0,2.909328961061D-2,        785P    575
1.570796326795D0,0D0;                                                785P    576
110,2.909328961061D-2,1.570796326795D0,0D0,9.709067103894D-1,        787P    577
1.570796326795D0,0D0;                                                787P    578
110,9.709067103894D-1,1.570796326795D0,0D0,9.709067103894D-1,        789P    579
3.141592653590D0,0D0;                                                789P    580
102,5,781,783,785,787,789;                                           791P    581
142,0,777,791,779,1;                                                 793P    582
144,777,1,0,793;                                                     795P    583
128,1,1,1,1,0,0,1,0,0,-2.8D-2,-2.8D-2,1.428D0,1.428D0,               797P    584
-8.247125716994D-1,-8.247125716994D-1,2.471257169944D-2,             797P    585
2.471257169944D-2,1D0,1D0,1D0,1D0,2.928D0,-2.471257169944D-2,        797P    586
-3.85D0,1.472D0,-2.471257169944D-2,-3.85D0,2.928D0,                  797P    587
8.247125716994D-1,-3.85D0,1.472D0,8.247125716994D-1,-3.85D0,         797P    588
-2.8D-2,1.428D0,-8.247125716994D-1,2.471257169944D-2;                797P    589
102,4,31,127,67,129;                                                 799P    590
110,0D0,-8D-1,0D0,1.4D0,-8D-1,0D0;                                   801P    591
110,1.4D0,-8D-1,0D0,1.4D0,0D0,0D0;                                   803P    592
110,1.4D0,0D0,0D0,0D0,0D0,0D0;                                       805P    593
110,0D0,0D0,0D0,0D0,-8D-1,0D0;                                       807P    594
102,4,801,803,805,807;                                               809P    595
142,0,797,809,799,1;                                                 811P    596
144,797,1,0,811;                                                     813P    597
110,2.9D0,8D-1,-3.6D0,2.9D0,1.8D0,-3.6D0;                            815P    598
110,3.15D0,-2.471257169944D-2,-3.6D0,3.15D0,8.247125716994D-1,       817P    599
-3.6D0;                                                              817P    600
120,815,817,4.613538693587D0,7.952831920772D0;                       819P    601
102,5,133,65,129,35,135;                                             821P    602
110,9.709067103894D-1,4.712388980385D0,0D0,9.709067103894D-1,        823P    603
6.283185307180D0,0D0;                                                823P    604
110,9.709067103894D-1,6.283185307180D0,0D0,9.709067103894D-1,        825P    605
7.853981633974D0,0D0;                                                825P    606
110,9.709067103894D-1,7.853981633974D0,0D0,2.909328961061D-2,        827P    607
7.853981633974D0,0D0;                                                827P    608
110,2.909328961061D-2,7.853981633974D0,0D0,2.909328961061D-2,        829P    609
4.712388980385D0,0D0;                                                829P    610
110,2.909328961061D-2,4.712388980385D0,0D0,9.709067103894D-1,        831P    611
4.712388980385D0,0D0;                                                831P    612
102,5,823,825,827,829,831;                                           833P    613
142,0,819,833,821,1;                                                 835P    614
144,819,1,0,835;                                                     837P    615
128,1,1,1,1,0,0,1,0,0,-2.8D-2,-2.8D-2,1.428D0,1.428D0,               839P    616
-8.247125716994D-1,-8.247125716994D-1,2.471257169944D-2,             839P    617
2.471257169944D-2,1D0,1D0,1D0,1D0,1.472D0,-2.471257169944D-2,        839P    618
-3.35D0,2.928D0,-2.471257169944D-2,-3.35D0,1.472D0,                  839P    619
8.247125716994D-1,-3.35D0,2.928D0,8.247125716994D-1,-3.35D0,         839P    620
-2.8D-2,1.428D0,-8.247125716994D-1,2.471257169944D-2;                839P    621
110,2.9D0,8D-1,-3.35D0,1.5D0,8D-1,-3.35D0;                           841P    622
102,4,841,139,37,135;                                                843P    623
110,1.4D0,0D0,0D0,0D0,0D0,0D0;                                       845P    624
110,0D0,0D0,0D0,0D0,-8D-1,0D0;                                       847P    625
110,0D0,-8D-1,0D0,1.4D0,-8D-1,0D0;                                   849P    626
110,1.4D0,-8D-1,0D0,1.4D0,0D0,0D0;                                   851P    627
102,4,845,847,849,851;                                               853P    628
142,0,839,853,843,1;                                                 855P    629
144,839,1,0,855;                                                     857P    630
128,1,1,1,1,0,0,1,0,0,5.2D-2,5.2D-2,2.548D0,2.548D0,                 859P    631
-2.471257169944D-2,-2.471257169944D-2,3.747125716994D-1,             859P    632
3.747125716994D-1,1D0,1D0,1D0,1D0,-4.4732D0,7.752874283006D-1,       859P    633
-7.298D0,-4.4732D0,7.752874283006D-1,-4.802D0,-4.4732D0,             859P    634
1.174712571699D0,-7.298D0,-4.4732D0,1.174712571699D0,-4.802D0,       859P    635
5.2D-2,2.548D0,-2.471257169944D-2,3.747125716994D-1;                 859P    636
110,-4.4732D0,1.15D0,-4.85D0,-4.4732D0,1.15D0,-7.25D0;               861P    637
110,-4.4732D0,9.5D-1,-5.15D0,-4.4732D0,8D-1,-5.15D0;                 863P    638
102,8,141,861,149,97,147,145,863,75;                                 865P    639
110,2.5D0,0D0,0D0,2.5D0,3.5D-1,0D0;                                  867P    640
110,2.5D0,3.5D-1,0D0,1D-1,3.5D-1,0D0;                                869P    641
110,1D-1,3.5D-1,0D0,1D-1,0D0,0D0;                                    871P    642
110,1D-1,0D0,0D0,4D-1,0D0,0D0;                                       873P    643
110,4D-1,0D0,0D0,4D-1,1.5D-1,0D0;                                    875P    644
110,4D-1,1.5D-1,0D0,2.2D0,1.5D-1,0D0;                                877P    645
110,2.2D0,1.5D-1,0D0,2.2D0,0D0,0D0;                                  879P    646
110,2.2D0,0D0,0D0,2.5D0,0D0,0D0;                                     881P    647
102,8,867,869,871,873,875,877,879,881;                               883P    648
142,0,859,883,865,1;                                                 885P    649
144,859,1,0,885;                                                     887P    650
110,-4.3732D0,4.72238D0,-4.85D0,-4.3732D0,3.72238D0,-4.85D0;         889P    651
110,-4.3732D0,1.174712571699D0,-4.75D0,-4.3732D0,                    891P    652
7.752874283006D-1,-4.75D0;                                           891P    653
120,889,891,-2.471257169944D-1,1.817922043789D0;                     893P    654
102,4,141,163,277,153;                                               895P    655
110,9.381296543098D-1,1.570796326795D0,0D0,6.187034569019D-2,        897P    656
1.570796326795D0,0D0;                                                897P    657
110,6.187034569019D-2,1.570796326795D0,0D0,6.187034569019D-2,        899P    658
0D0,0D0;                                                             899P    659
110,6.187034569019D-2,0D0,0D0,9.381296543098D-1,0D0,0D0;             901P    660
110,9.381296543098D-1,0D0,0D0,9.381296543098D-1,                     903P    661
1.570796326795D0,0D0;                                                903P    662
102,4,897,899,901,903;                                               905P    663
142,0,893,905,895,1;                                                 907P    664
144,893,1,0,907;                                                     909P    665
128,1,1,1,1,0,0,1,0,0,-4.5252D0,-4.5252D0,-1.8212D0,-1.8212D0,       911P    666
4.694D0,4.694D0,7.606D0,7.606D0,1D0,1D0,1D0,1D0,-4.5252D0,           911P    667
1.15D0,-4.694D0,-1.8212D0,1.15D0,-4.694D0,-4.5252D0,1.15D0,          911P    668
-7.606D0,-1.8212D0,1.15D0,-7.606D0,-4.5252D0,-1.8212D0,4.694D0,      911P    669
7.606D0;                                                             911P    670
110,-2.8732D0,1.15D0,-7.55D0,-3.4732D0,1.15D0,-7.55D0;               913P    671
110,-3.4732D0,1.15D0,-7.55D0,-3.4732D0,1.15D0,-7.35D0;               915P    672
102,12,157,179,177,175,375,913,915,171,169,165,163,159;              917P    673
126,6,3,0,0,1,0,0D0,0D0,0D0,0D0,2.5D-1,5D-1,7.5D-1,1D0,1D0,1D0,      919P    674
1D0,1D0,1D0,1D0,1D0,1D0,1D0,1D0,-1.9732D0,4.75D0,0D0,                919P    675
-1.960067192205D0,4.749871983303D0,0D0,-1.933960655371D0,            919P    676
4.755267842018D0,0D0,-1.900626858475D0,4.777426858475D0,0D0,         919P    677
-1.878467842018D0,4.810760655371D0,0D0,-1.873071983303D0,            919P    678
4.836867192205D0,0D0,-1.8732D0,4.85D0,0D0,0D0,1D0,0D0,0D0,1D0;       919P    679
110,-1.8732D0,4.85D0,0D0,-1.8732D0,6.95D0,0D0;                       921P    680
110,-1.8732D0,6.95D0,0D0,-2.2732D0,7.35D0,0D0;                       923P    681
110,-2.2732D0,7.35D0,0D0,-2.8732D0,7.35D0,0D0;                       925P    682
110,-2.8732D0,7.35D0,0D0,-2.8732D0,7.55D0,0D0;                       927P    683
110,-2.8732D0,7.55D0,0D0,-3.4732D0,7.55D0,0D0;                       929P    684
110,-3.4732D0,7.55D0,0D0,-3.4732D0,7.35D0,0D0;                       931P    685
110,-3.4732D0,7.35D0,0D0,-4.3732D0,7.35D0,0D0;                       933P    686
126,6,3,0,0,1,0,0D0,0D0,0D0,0D0,2.5D-1,5D-1,7.5D-1,1D0,1D0,1D0,      935P    687
1D0,1D0,1D0,1D0,1D0,1D0,1D0,1D0,-4.3732D0,7.35D0,0D0,                935P    688
-4.386332807795D0,7.350128016697D0,0D0,-4.412439344629D0,            935P    689
7.344732157982D0,0D0,-4.445773141525D0,7.322573141525D0,0D0,         935P    690
-4.467932157982D0,7.289239344629D0,0D0,-4.473328016697D0,            935P    691
7.263132807795D0,0D0,-4.4732D0,7.25D0,0D0,0D0,1D0,0D0,0D0,1D0;       935P    692
110,-4.4732D0,7.25D0,0D0,-4.4732D0,4.85D0,0D0;                       937P    693
126,6,3,0,0,1,0,0D0,0D0,0D0,0D0,2.5D-1,5D-1,7.5D-1,1D0,1D0,1D0,      939P    694
1D0,1D0,1D0,1D0,1D0,1D0,1D0,1D0,-4.4732D0,4.85D0,0D0,                939P    695
-4.473328016697D0,4.836867192205D0,0D0,-4.467932157982D0,            939P    696
4.810760655371D0,0D0,-4.445773141525D0,4.777426858475D0,0D0,         939P    697
-4.412439344629D0,4.755267842018D0,0D0,-4.386332807795D0,            939P    698
4.749871983303D0,0D0,-4.3732D0,4.75D0,0D0,0D0,1D0,0D0,0D0,1D0;       939P    699
110,-4.3732D0,4.75D0,0D0,-1.9732D0,4.75D0,0D0;                       941P    700
102,12,919,921,923,925,927,929,931,933,935,937,939,941;              943P    701
142,0,911,943,917,1;                                                 945P    702
102,2,187,261;                                                       947P    703
126,17,3,0,0,1,0,0D0,0D0,0D0,0D0,6.666666666667D-2,                  949P    704
1.333333333333D-1,2D-1,2.666666666667D-1,3.333333333333D-1,4D-1,     949P    705
4.666666666667D-1,5.333333333333D-1,6D-1,6.666666666667D-1,          949P    706
7.333333333333D-1,8D-1,8.666666666667D-1,9.333333333333D-1,1D0,      949P    707
1D0,1D0,1D0,1D0,1D0,1D0,1D0,1D0,1D0,1D0,1D0,1D0,1D0,1D0,1D0,1D0,     949P    708
1D0,1D0,1D0,1D0,1D0,-4.1732D0,6.05D0,0D0,-4.173312647635D0,          949P    709
6.119836363893D0,0D0,-4.158472558038D0,6.259426147244D0,0D0,         949P    710
-4.093462679817D0,6.459724083712D0,0D0,-3.988149468548D0,            949P    711
6.642097376363D0,0D0,-3.847241412242D0,6.798597924592D0,0D0,         949P    712
-3.676868520639D0,6.922379878134D0,0D0,-3.484484505202D0,            949P    713
7.008034985578D0,0D0,-3.278495424801D0,7.051819277326D0,0D0,         949P    714
-3.067904575199D0,7.051819277326D0,0D0,-2.861915494798D0,            949P    715
7.008034985578D0,0D0,-2.669531479361D0,6.922379878134D0,0D0,         949P    716
-2.499158587758D0,6.798597924592D0,0D0,-2.358250531452D0,            949P    717
6.642097376363D0,0D0,-2.252937320183D0,6.459724083712D0,0D0,         949P    718
-2.187927441962D0,6.259426147244D0,0D0,-2.173087352365D0,            949P    719
6.119836363893D0,0D0,-2.1732D0,6.05D0,0D0,0D0,1D0,0D0,0D0,1D0;       949P    720
126,17,3,0,0,1,0,0D0,0D0,0D0,0D0,6.666666666667D-2,                  951P    721
1.333333333333D-1,2D-1,2.666666666667D-1,3.333333333333D-1,4D-1,     951P    722
4.666666666667D-1,5.333333333333D-1,6D-1,6.666666666667D-1,          951P    723
7.333333333333D-1,8D-1,8.666666666667D-1,9.333333333333D-1,1D0,      951P    724
1D0,1D0,1D0,1D0,1D0,1D0,1D0,1D0,1D0,1D0,1D0,1D0,1D0,1D0,1D0,1D0,     951P    725
1D0,1D0,1D0,1D0,1D0,-2.1732D0,6.05D0,0D0,-2.173087352365D0,          951P    726
5.980163636107D0,0D0,-2.187927441962D0,5.840573852756D0,0D0,         951P    727
-2.252937320183D0,5.640275916288D0,0D0,-2.358250531452D0,            951P    728
5.457902623637D0,0D0,-2.499158587758D0,5.301402075408D0,0D0,         951P    729
-2.669531479361D0,5.177620121866D0,0D0,-2.861915494798D0,            951P    730
5.091965014422D0,0D0,-3.067904575199D0,5.048180722674D0,0D0,         951P    731
-3.278495424801D0,5.048180722674D0,0D0,-3.484484505202D0,            951P    732
5.091965014422D0,0D0,-3.676868520639D0,5.177620121866D0,0D0,         951P    733
-3.847241412242D0,5.301402075408D0,0D0,-3.988149468548D0,            951P    734
5.457902623637D0,0D0,-4.093462679817D0,5.640275916288D0,0D0,         951P    735
-4.158472558038D0,5.840573852756D0,0D0,-4.173312647635D0,            951P    736
5.980163636107D0,0D0,-4.1732D0,6.05D0,0D0,0D0,1D0,0D0,0D0,1D0;       951P    737
102,2,949,951;                                                       953P    738
142,0,911,953,947,1;                                                 955P    739
144,911,1,1,945,955;                                                 957P    740
110,-3.1732D0,8D-1,-6.05D0,-3.1732D0,1.8D0,-6.05D0;                  959P    741
110,-2.1732D0,1.125287428301D0,-6.05D0,-2.1732D0,                    961P    742
1.974712571699D0,-6.05D0;                                            961P    743
120,959,961,-6.283185307180D-2,3.204424506662D0;                     963P    744
110,-4.1732D0,1.95D0,-6.050000000214D0,-4.1732D0,1.15D0,-6.05D0;     965P    745
102,4,183,965,187,189;                                               967P    746
110,9.709067103894D-1,0D0,0D0,9.709067103894D-1,                     969P    747
3.141592653590D0,0D0;                                                969P    748
110,9.709067103894D-1,3.141592653590D0,0D0,2.909328961061D-2,        971P    749
3.141592653590D0,0D0;                                                971P    750
110,2.909328961061D-2,3.141592653590D0,0D0,2.909328961061D-2,        973P    751
0D0,0D0;                                                             973P    752
110,2.909328961061D-2,0D0,0D0,9.709067103894D-1,0D0,0D0;             975P    753
102,4,969,971,973,975;                                               977P    754
142,0,963,977,967,1;                                                 979P    755
144,963,1,0,979;                                                     981P    756
110,-3.1732D0,1.95D0,-6.05D0,-3.1732D0,2.95D0,-6.05D0;               983P    757
124,9.691334497484D-1,2.444953837474D-1,-3.166013115880D-2,          985P    758
-2.273651176846D0,-2.446180126180D-1,9.696195273935D-1,0D0,          985P    759
1.95D0,3.069828141141D-2,7.744638363289D-3,9.994986923928D-1,        985P    760
-6.021505881957D0;                                                   985P    761
100,0D0,0D0,0D0,1D-1,0D0,-4.743728035732D-2,8.803240558056D-2;       987P    762
120,983,987,-3.116643102566D-2,3.236089931416D0;                     989P    763
124,-1D0,0D0,0D0,-3.1732D0,0D0,0D0,-1D0,1.95D0,0D0,-1D0,0D0,         991P    764
-6.05D0;                                                             991P    765
100,0D0,0D0,0D0,1D0,0D0,-1D0,0D0;                                    993P    766
124,1D0,0D0,0D0,-2.2732D0,0D0,1D0,0D0,1.95D0,0D0,0D0,1D0,            995P    767
-6.05D0;                                                             995P    768
100,0D0,0D0,0D0,1D-1,0D0,0D0,1D-1;                                   997P    769
102,4,209,253,993,997;                                               999P    770
110,1.817922043789D0,3.166542270809D-2,0D0,1.817922043789D0,        1001P    771
3.173258076298D0,0D0;                                               1001P    772
110,1.817922043789D0,3.173258076298D0,0D0,2.471257169944D-1,        1003P    773
3.173258076051D0,0D0;                                               1003P    774
110,2.471257169944D-1,3.173258076051D0,0D0,2.471257169944D-1,       1005P    775
3.166542209822D-2,0D0;                                              1005P    776
110,2.471257169944D-1,3.166542209822D-2,0D0,1.817922043789D0,       1007P    777
3.166542270809D-2,0D0;                                              1007P    778
102,4,1001,1003,1005,1007;                                          1009P    779
142,0,989,1009,999,1;                                               1011P    780
144,989,1,0,1011;                                                   1013P    781
128,1,1,1,1,0,0,1,0,0,-4.1092D0,-4.1092D0,-2.2372D0,-2.2372D0,      1015P    782
5.114D0,5.114D0,6.986D0,6.986D0,1D0,1D0,1D0,1D0,-4.1092D0,          1015P    783
2.05D0,-5.114D0,-2.2372D0,2.05D0,-5.114D0,-4.1092D0,2.05D0,         1015P    784
-6.986D0,-2.2372D0,2.05D0,-6.986D0,-4.1092D0,-2.2372D0,5.114D0,     1015P    785
6.986D0;                                                            1015P    786
102,2,205,209;                                                      1017P    787
126,16,3,0,0,1,0,0D0,0D0,0D0,0D0,7.093110946855D-2,                 1019P    788
1.424933130441D-1,2.139598769483D-1,2.854811470633D-1,              1019P    789
3.569843333131D-1,4.284931104907D-1,5.000003549473D-1,              1019P    790
5.715077267044D-1,6.430163945438D-1,7.145199960217D-1,              1019P    791
7.860408038401D-1,8.575078211369D-1,9.290717562689D-1,1D0,1D0,      1019P    792
1D0,1D0,1D0,1D0,1D0,1D0,1D0,1D0,1D0,1D0,1D0,1D0,1D0,1D0,1D0,1D0,    1019P    793
1D0,1D0,1D0,-4.0732D0,6.05D0,0D0,-4.073331382757D0,                 1019P    794
5.983124657650D0,0D0,-4.058115362772D0,5.848875811897D0,0D0,        1019P    795
-3.991429213583D0,5.657221333170D0,0D0,-3.883334407147D0,           1019P    796
5.484811959149D0,0D0,-3.739617346582D0,5.340834068595D0,0D0,        1019P    797
-3.567397441782D0,5.232474078563D0,0D0,-3.375380542247D0,           1019P    798
5.165203649160D0,0D0,-3.173198864884D0,5.142398129894D0,0D0,        1019P    799
-2.971017336989D0,5.165204131994D0,0D0,-2.779000224643D0,           1019P    800
5.232475167088D0,0D0,-2.606780742811D0,5.340835600794D0,0D0,        1019P    801
-2.463063845427D0,5.484814158505D0,0D0,-2.354968649496D0,           1019P    802
5.657225239196D0,0D0,-2.288283892839D0,5.848879621520D0,0D0,        1019P    803
-2.273068624648D0,5.983127391177D0,0D0,-2.2732D0,6.05D0,0D0,0D0,    1019P    804
1D0,0D0,0D0,1D0;                                                    1019P    805
126,16,3,0,0,1,0,0D0,0D0,0D0,0D0,7.093110946854D-2,                 1021P    806
1.424933130441D-1,2.139598769483D-1,2.854811470633D-1,              1021P    807
3.569843333131D-1,4.284931104907D-1,5.000003549473D-1,              1021P    808
5.715077267043D-1,6.430163945438D-1,7.145199960217D-1,              1021P    809
7.860408038401D-1,8.575078211369D-1,9.290717562689D-1,1D0,1D0,      1021P    810
1D0,1D0,1D0,1D0,1D0,1D0,1D0,1D0,1D0,1D0,1D0,1D0,1D0,1D0,1D0,1D0,    1021P    811
1D0,1D0,1D0,-2.2732D0,6.05D0,0D0,-2.273068617243D0,                 1021P    812
6.116875342350D0,0D0,-2.288284637228D0,6.251124188103D0,0D0,        1021P    813
-2.354970786417D0,6.442778666830D0,0D0,-2.463065592853D0,           1021P    814
6.615188040851D0,0D0,-2.606782653418D0,6.759165931405D0,0D0,        1021P    815
-2.779002558218D0,6.867525921437D0,0D0,-2.971019457753D0,           1021P    816
6.934796350840D0,0D0,-3.173201135116D0,6.957601870106D0,0D0,        1021P    817
-3.375382663011D0,6.934795868006D0,0D0,-3.567399775357D0,           1021P    818
6.867524832912D0,0D0,-3.739619257189D0,6.759164399206D0,0D0,        1021P    819
-3.883336154573D0,6.615185841495D0,0D0,-3.991431350504D0,           1021P    820
6.442774760804D0,0D0,-4.058116107161D0,6.251120378480D0,0D0,        1021P    821
-4.073331375352D0,6.116872608823D0,0D0,-4.0732D0,6.05D0,0D0,0D0,    1021P    822
1D0,0D0,0D0,1D0;                                                    1021P    823
102,2,1019,1021;                                                    1023P    824
142,0,1015,1023,1017,1;                                             1025P    825
124,0D0,-1D0,0D0,-3.1732D0,0D0,0D0,-1D0,2.05D0,1D0,0D0,0D0,         1027P    826
-6.05D0;                                                            1027P    827
100,0D0,0D0,0D0,8D-1,0D0,-8D-1,0D0;                                 1029P    828
124,0D0,1D0,0D0,-3.1732D0,0D0,0D0,-1D0,2.05D0,-1D0,0D0,0D0,         1031P    829
-6.05D0;                                                            1031P    830
100,0D0,0D0,0D0,8D-1,0D0,-8D-1,0D0;                                 1033P    831
102,2,1029,1033;                                                    1035P    832
126,16,3,0,0,1,0,0D0,0D0,0D0,0D0,7.142857142857D-2,                 1037P    833
1.428571428571D-1,2.142857142857D-1,2.857142857143D-1,              1037P    834
3.571428571429D-1,4.285714285714D-1,5D-1,5.714285714286D-1,         1037P    835
6.428571428571D-1,7.142857142857D-1,7.857142857143D-1,              1037P    836
8.571428571429D-1,9.285714285714D-1,1D0,1D0,1D0,1D0,1D0,1D0,1D0,    1037P    837
1D0,1D0,1D0,1D0,1D0,1D0,1D0,1D0,1D0,1D0,1D0,1D0,1D0,1D0,            1037P    838
-3.1732D0,5.25D0,0D0,-3.233066028663D0,5.249881632418D0,0D0,        1037P    839
-3.352704497671D0,5.263539409393D0,0D0,-3.523235698146D0,           1037P    840
5.323135640024D0,0D0,-3.676194657508D0,5.419267464579D0,0D0,        1037P    841
-3.803936720745D0,5.547003385813D0,0D0,-3.900049575360D0,           1037P    842
5.699967943245D0,0D0,-3.959715543746D0,5.870482893441D0,0D0,        1037P    843
-3.979942228127D0,6.05D0,0D0,-3.959715543746D0,6.229517106559D0,    1037P    844
0D0,-3.900049575360D0,6.400032056755D0,0D0,-3.803936720745D0,       1037P    845
6.552996614187D0,0D0,-3.676194657508D0,6.680732535421D0,0D0,        1037P    846
-3.523235698146D0,6.776864359976D0,0D0,-3.352704497671D0,           1037P    847
6.836460590607D0,0D0,-3.233066028663D0,6.850118367582D0,0D0,        1037P    848
-3.1732D0,6.85D0,0D0,0D0,1D0,0D0,0D0,1D0;                           1037P    849
126,16,3,0,0,1,0,0D0,0D0,0D0,0D0,7.142857142857D-2,                 1039P    850
1.428571428571D-1,2.142857142857D-1,2.857142857143D-1,              1039P    851
3.571428571429D-1,4.285714285714D-1,5D-1,5.714285714286D-1,         1039P    852
6.428571428571D-1,7.142857142857D-1,7.857142857143D-1,              1039P    853
8.571428571429D-1,9.285714285714D-1,1D0,1D0,1D0,1D0,1D0,1D0,1D0,    1039P    854
1D0,1D0,1D0,1D0,1D0,1D0,1D0,1D0,1D0,1D0,1D0,1D0,1D0,1D0,            1039P    855
-3.1732D0,6.85D0,0D0,-3.113333971337D0,6.850118367582D0,0D0,        1039P    856
-2.993695502329D0,6.836460590607D0,0D0,-2.823164301854D0,           1039P    857
6.776864359976D0,0D0,-2.670205342492D0,6.680732535421D0,0D0,        1039P    858
-2.542463279255D0,6.552996614187D0,0D0,-2.446350424640D0,           1039P    859
6.400032056755D0,0D0,-2.386684456254D0,6.229517106559D0,0D0,        1039P    860
-2.366457771873D0,6.05D0,0D0,-2.386684456254D0,5.870482893441D0,    1039P    861
0D0,-2.446350424640D0,5.699967943245D0,0D0,-2.542463279255D0,       1039P    862
5.547003385813D0,0D0,-2.670205342492D0,5.419267464579D0,0D0,        1039P    863
-2.823164301854D0,5.323135640024D0,0D0,-2.993695502329D0,           1039P    864
5.263539409393D0,0D0,-3.113333971337D0,5.249881632418D0,0D0,        1039P    865
-3.1732D0,5.25D0,0D0,0D0,1D0,0D0,0D0,1D0;                           1039P    866
102,2,1037,1039;                                                    1041P    867
142,0,1015,1041,1035,1;                                             1043P    868
144,1015,1,1,1025,1043;                                             1045P    869
110,-3.1732D0,2.05D0,-6.05D0,-3.1732D0,3.05D0,-6.05D0;              1047P    870
110,-3.1732D0,1.125287428301D0,-6.85D0,-3.1732D0,                   1049P    871
2.074712571699D0,-6.85D0;                                           1049P    872
120,1047,1049,-6.283185307180D-2,3.204424506662D0;                  1051P    873
124,0D0,-1D0,0D0,-3.1732D0,0D0,0D0,-1D0,1.15D0,1D0,0D0,0D0,         1053P    874
-6.05D0;                                                            1053P    875
100,0D0,0D0,0D0,8D-1,0D0,-8D-1,0D0;                                 1055P    876
110,-3.1732D0,1.15D0,-6.85D0,-3.1732D0,2.05D0,-6.85D0;              1057P    877
102,4,197,213,1055,1057;                                            1059P    878
110,9.739710161762D-1,0D0,0D0,9.739710161762D-1,                    1061P    879
3.141592653590D0,0D0;                                               1061P    880
110,9.739710161762D-1,3.141592653590D0,0D0,2.602898382380D-2,       1063P    881
3.141592653590D0,0D0;                                               1063P    882
110,2.602898382380D-2,3.141592653590D0,0D0,2.602898382380D-2,       1065P    883
0D0,0D0;                                                            1065P    884
110,2.602898382380D-2,0D0,0D0,9.739710161762D-1,0D0,0D0;            1067P    885
102,4,1061,1063,1065,1067;                                          1069P    886
142,0,1051,1069,1059,1;                                             1071P    887
144,1051,1,0,1071;                                                  1073P    888
110,-3.1732D0,2.05D0,-6.05D0,-3.1732D0,3.05D0,-6.05D0;              1075P    889
110,-3.1732D0,1.125287428301D0,-6.85D0,-3.1732D0,                   1077P    890
2.074712571699D0,-6.85D0;                                           1077P    891
120,1075,1077,3.078760800518D0,6.346017160251D0;                    1079P    892
124,0D0,1D0,0D0,-3.1732D0,0D0,0D0,-1D0,1.15D0,-1D0,0D0,0D0,         1081P    893
-6.05D0;                                                            1081P    894
100,0D0,0D0,0D0,8D-1,0D0,-8D-1,0D0;                                 1083P    895
110,-3.1732D0,1.15D0,-5.25D0,-3.1732D0,2.05D0,-5.25D0;              1085P    896
102,4,201,211,1083,1085;                                            1087P    897
110,9.739710161762D-1,3.141592653590D0,0D0,9.739710161762D-1,       1089P    898
6.283185307180D0,0D0;                                               1089P    899
110,9.739710161762D-1,6.283185307180D0,0D0,2.602898382380D-2,       1091P    900
6.283185307180D0,0D0;                                               1091P    901
110,2.602898382380D-2,6.283185307180D0,0D0,2.602898382380D-2,       1093P    902
3.141592653590D0,0D0;                                               1093P    903
110,2.602898382380D-2,3.141592653590D0,0D0,9.739710161762D-1,       1095P    904
3.141592653590D0,0D0;                                               1095P    905
102,4,1089,1091,1093,1095;                                          1097P    906
142,0,1079,1097,1087,1;                                             1099P    907
144,1079,1,0,1099;                                                  1101P    908
128,1,1,1,1,0,0,1,0,0,-4.0052D0,-4.0052D0,-2.3412D0,-2.3412D0,      1103P    909
5.218D0,5.218D0,6.882D0,6.882D0,1D0,1D0,1D0,1D0,-4.0052D0,          1103P    910
1.15D0,-5.218D0,-2.3412D0,1.15D0,-5.218D0,-4.0052D0,1.15D0,         1103P    911
-6.882D0,-2.3412D0,1.15D0,-6.882D0,-4.0052D0,-2.3412D0,5.218D0,     1103P    912
6.882D0;                                                            1103P    913
102,2,217,221;                                                      1105P    914
126,16,3,0,0,1,0,0D0,0D0,0D0,0D0,7.136028972760D-2,                 1107P    915
1.430238490615D-1,2.141156436413D-1,2.858829737181D-1,              1107P    916
3.569744350776D-1,4.286392849987D-1,5D-1,5.713607150013D-1,         1107P    917
6.430255649224D-1,7.141170262819D-1,7.858843563587D-1,              1107P    918
8.569761509385D-1,9.286397102724D-1,1D0,1D0,1D0,1D0,1D0,1D0,1D0,    1107P    919
1D0,1D0,1D0,1D0,1D0,1D0,1D0,1D0,1D0,1D0,1D0,1D0,1D0,1D0,            1107P    920
-3.1732D0,6.85D0,0D0,-3.233006520071D0,6.850119728572D0,0D0,        1107P    921
-3.352785720540D0,6.836458071545D0,0D0,-3.523184176751D0,           1107P    922
6.776878145955D0,0D0,-3.676296505481D0,6.680651703077D0,0D0,        1107P    923
-3.803853544035D0,6.553101368246D0,0D0,-3.900062011916D0,           1107P    924
6.399983500027D0,0D0,-3.959713675767D0,6.229599411177D0,0D0,        1107P    925
-3.979928823204D0,6.05D0,0D0,-3.959713675767D0,5.870400588823D0,    1107P    926
0D0,-3.900062011916D0,5.700016499973D0,0D0,-3.803853544035D0,       1107P    927
5.546898631754D0,0D0,-3.676296505481D0,5.419348296923D0,0D0,        1107P    928
-3.523184176751D0,5.323121854045D0,0D0,-3.352785720540D0,           1107P    929
5.263541928455D0,0D0,-3.233006520071D0,5.249880271428D0,0D0,        1107P    930
-3.1732D0,5.25D0,0D0,0D0,1D0,0D0,0D0,1D0;                           1107P    931
126,16,3,0,0,1,0,0D0,0D0,0D0,0D0,7.136028972760D-2,                 1109P    932
1.430238490615D-1,2.141156436413D-1,2.858829737181D-1,              1109P    933
3.569744350776D-1,4.286392849987D-1,5D-1,5.713607150013D-1,         1109P    934
6.430255649224D-1,7.141170262819D-1,7.858843563587D-1,              1109P    935
8.569761509385D-1,9.286397102724D-1,1D0,1D0,1D0,1D0,1D0,1D0,1D0,    1109P    936
1D0,1D0,1D0,1D0,1D0,1D0,1D0,1D0,1D0,1D0,1D0,1D0,1D0,1D0,            1109P    937
-3.1732D0,5.25D0,0D0,-3.113393479929D0,5.249880271428D0,0D0,        1109P    938
-2.993614279460D0,5.263541928455D0,0D0,-2.823215823249D0,           1109P    939
5.323121854045D0,0D0,-2.670103494519D0,5.419348296923D0,0D0,        1109P    940
-2.542546455965D0,5.546898631754D0,0D0,-2.446337988084D0,           1109P    941
5.700016499973D0,0D0,-2.386686324233D0,5.870400588823D0,0D0,        1109P    942
-2.366471176796D0,6.05D0,0D0,-2.386686324233D0,6.229599411177D0,    1109P    943
0D0,-2.446337988084D0,6.399983500027D0,0D0,-2.542546455965D0,       1109P    944
6.553101368246D0,0D0,-2.670103494519D0,6.680651703077D0,0D0,        1109P    945
-2.823215823249D0,6.776878145955D0,0D0,-2.993614279460D0,           1109P    946
6.836458071545D0,0D0,-3.113393479929D0,6.850119728572D0,0D0,        1109P    947
-3.1732D0,6.85D0,0D0,0D0,1D0,0D0,0D0,1D0;                           1109P    948
102,2,1107,1109;                                                    1111P    949
142,0,1103,1111,1105,1;                                             1113P    950
102,2,225,229;                                                      1115P    951
126,13,3,0,0,1,0,0D0,0D0,0D0,0D0,9.090909090909D-2,                 1117P    952
1.818181818182D-1,2.727272727273D-1,3.636363636364D-1,              1117P    953
4.545454545455D-1,5.454545454545D-1,6.363636363636D-1,              1117P    954
7.272727272727D-1,8.181818181818D-1,9.090909090909D-1,1D0,1D0,      1117P    955
1D0,1D0,1D0,1D0,1D0,1D0,1D0,1D0,1D0,1D0,1D0,1D0,1D0,1D0,1D0,1D0,    1117P    956
-2.9232D0,6.05D0,0D0,-2.923104481483D0,6.026172896737D0,0D0,        1117P    957
-2.930087905996D0,5.978615848447D0,0D0,-2.959996146366D0,           1117P    958
5.912986350068D0,0D0,-3.007247209292D0,5.858477525098D0,0D0,        1117P    959
-3.067923915548D0,5.819479188009D0,0D0,-3.137134609014D0,           1117P    960
5.799157729834D0,0D0,-3.209265390986D0,5.799157729834D0,0D0,        1117P    961
-3.278476084452D0,5.819479188009D0,0D0,-3.339152790708D0,           1117P    962
5.858477525098D0,0D0,-3.386403853634D0,5.912986350068D0,0D0,        1117P    963
-3.416312094004D0,5.978615848447D0,0D0,-3.423295518517D0,           1117P    964
6.026172896737D0,0D0,-3.4232D0,6.05D0,0D0,0D0,1D0,0D0,0D0,1D0;      1117P    965
126,13,3,0,0,1,0,0D0,0D0,0D0,0D0,9.090909090909D-2,                 1119P    966
1.818181818182D-1,2.727272727273D-1,3.636363636364D-1,              1119P    967
4.545454545455D-1,5.454545454545D-1,6.363636363636D-1,              1119P    968
7.272727272727D-1,8.181818181818D-1,9.090909090909D-1,1D0,1D0,      1119P    969
1D0,1D0,1D0,1D0,1D0,1D0,1D0,1D0,1D0,1D0,1D0,1D0,1D0,1D0,1D0,1D0,    1119P    970
-3.4232D0,6.05D0,0D0,-3.423295518517D0,6.073827103263D0,0D0,        1119P    971
-3.416312094004D0,6.121384151553D0,0D0,-3.386403853634D0,           1119P    972
6.187013649932D0,0D0,-3.339152790708D0,6.241522474902D0,0D0,        1119P    973
-3.278476084452D0,6.280520811991D0,0D0,-3.209265390986D0,           1119P    974
6.300842270166D0,0D0,-3.137134609014D0,6.300842270166D0,0D0,        1119P    975
-3.067923915548D0,6.280520811991D0,0D0,-3.007247209292D0,           1119P    976
6.241522474902D0,0D0,-2.959996146366D0,6.187013649932D0,0D0,        1119P    977
-2.930087905996D0,6.121384151553D0,0D0,-2.923104481483D0,           1119P    978
6.073827103263D0,0D0,-2.9232D0,6.05D0,0D0,0D0,1D0,0D0,0D0,1D0;      1119P    979
102,2,1117,1119;                                                    1121P    980
142,0,1103,1121,1115,1;                                             1123P    981
144,1103,1,1,1113,1123;                                             1125P    982
110,-3.1732D0,0D0,-6.05D0,-3.1732D0,1D0,-6.05D0;                    1127P    983
110,-2.9232D0,1.125287428301D0,-6.05D0,-2.9232D0,                   1129P    984
1.824712571699D0,-6.05D0;                                           1129P    985
120,1127,1129,-3.240442940388D0,9.885028679776D-2;                  1131P    986
110,-3.4232D0,1.15D0,-6.05D0,-3.4232D0,1.8D0,-6.05D0;               1133P    987
102,4,225,1133,233,235;                                             1135P    988
110,3.533268989924D-2,0D0,0D0,3.533268989924D-2,                    1137P    989
-3.141592653590D0,0D0;                                              1137P    990
110,3.533268989924D-2,-3.141592653590D0,0D0,9.646673101008D-1,      1139P    991
-3.141592653590D0,0D0;                                              1139P    992
110,9.646673101008D-1,-3.141592653590D0,0D0,9.646673101008D-1,      1141P    993
0D0,0D0;                                                            1141P    994
110,9.646673101008D-1,0D0,0D0,3.533268989924D-2,0D0,0D0;            1143P    995
102,4,1137,1139,1141,1143;                                          1145P    996
142,0,1131,1145,1135,1;                                             1147P    997
144,1131,1,0,1147;                                                  1149P    998
110,-3.1732D0,0D0,-6.05D0,-3.1732D0,1D0,-6.05D0;                    1151P    999
110,-2.9232D0,1.125287428301D0,-6.05D0,-2.9232D0,                   1153P   1000
1.824712571699D0,-6.05D0;                                           1153P   1001
120,1151,1153,-6.382035593977D0,-3.042742366792D0;                  1155P   1002
110,-2.9232D0,1.15D0,-6.05D0,-2.9232D0,1.8D0,-6.05D0;               1157P   1003
124,1D0,0D0,0D0,-3.1732D0,0D0,0D0,1D0,1.8D0,0D0,-1D0,0D0,           1159P   1004
-6.05D0;                                                            1159P   1005
100,0D0,0D0,0D0,2.5D-1,0D0,-2.5D-1,0D0;                             1161P   1006
102,4,229,1157,1161,241;                                            1163P   1007
110,3.533268989924D-2,-3.141592653590D0,0D0,3.533268989924D-2,      1165P   1008
-6.283185307180D0,0D0;                                              1165P   1009
110,3.533268989924D-2,-6.283185307180D0,0D0,9.646673101008D-1,      1167P   1010
-6.283185307180D0,0D0;                                              1167P   1011
110,9.646673101008D-1,-6.283185307180D0,0D0,9.646673101008D-1,      1169P   1012
-3.141592653590D0,0D0;                                              1169P   1013
110,9.646673101008D-1,-3.141592653590D0,0D0,3.533268989924D-2,      1171P   1014
-3.141592653590D0,0D0;                                              1171P   1015
102,4,1165,1167,1169,1171;                                          1173P   1016
142,0,1155,1173,1163,1;                                             1175P   1017
144,1155,1,0,1175;                                                  1177P   1018
110,-3.1732D0,1.8D0,-6.05D0,-3.1732D0,2.8D0,-6.05D0;                1179P   1019
124,9.951182874316D-1,9.868938149183D-2,0D0,-3.1732D0,              1181P   1020
-9.868938149183D-2,9.951182874316D-1,0D0,1.8D0,0D0,0D0,1D0,         1181P   1021
-6.05D0;                                                            1181P   1022
100,0D0,0D0,0D0,2.5D-1,0D0,-2.467234537296D-2,2.487795718579D-1;    1183P   1023
120,1179,1183,-6.382035593977D0,-3.042742366792D0;                  1185P   1024
124,1D0,0D0,0D0,-3.1732D0,0D0,1D0,0D0,1.8D0,0D0,0D0,1D0,-6.05D0;    1187P   1025
100,0D0,0D0,0D0,2.5D-1,0D0,0D0,2.5D-1;                              1189P   1026
102,3,245,239,1189;                                                 1191P   1027
110,1.669646613593D0,-3.141592653590D0,0D0,9.885028679776D-2,       1193P   1028
-3.141592653590D0,0D0;                                              1193P   1029
110,9.885028679776D-2,-3.141592653590D0,0D0,9.885028679776D-2,      1195P   1030
-6.283185307180D0,0D0;                                              1195P   1031
110,9.885028679776D-2,-6.283185307180D0,0D0,1.669646613593D0,       1197P   1032
-6.283185307180D0,0D0;                                              1197P   1033
110,1.669646613593D0,-6.283185307180D0,0D0,1.669646613593D0,        1199P   1034
-3.141592653590D0,0D0;                                              1199P   1035
102,4,1193,1195,1197,1199;                                          1201P   1036
142,0,1185,1201,1191,1;                                             1203P   1037
144,1185,1,0,1203;                                                  1205P   1038
110,-3.1732D0,1.8D0,-6.05D0,-3.1732D0,2.8D0,-6.05D0;                1207P   1039
124,9.951182874316D-1,9.868938149183D-2,0D0,-3.1732D0,              1209P   1040
-9.868938149183D-2,9.951182874316D-1,0D0,1.8D0,0D0,0D0,1D0,         1209P   1041
-6.05D0;                                                            1209P   1042
100,0D0,0D0,0D0,2.5D-1,0D0,-2.467234537296D-2,2.487795718579D-1;    1211P   1043
120,1207,1211,-3.240442940388D0,9.885028679776D-2;                  1213P   1044
124,-1D0,0D0,0D0,-3.1732D0,0D0,1D0,0D0,1.8D0,0D0,0D0,-1D0,          1215P   1045
-6.05D0;                                                            1215P   1046
100,0D0,0D0,0D0,2.5D-1,0D0,0D0,2.5D-1;                              1217P   1047
124,1D0,0D0,0D0,-3.1732D0,0D0,0D0,-1D0,1.8D0,0D0,1D0,0D0,           1219P   1048
-6.05D0;                                                            1219P   1049
100,0D0,0D0,0D0,2.5D-1,0D0,-2.5D-1,0D0;                             1221P   1050
102,3,1217,249,1221;                                                1223P   1051
110,9.885028679776D-2,-3.141592653590D0,0D0,1.669646613593D0,       1225P   1052
-3.141592653590D0,0D0;                                              1225P   1053
110,1.669646613593D0,-3.141592653590D0,0D0,1.669646613593D0,0D0,    1227P   1054
0D0;                                                                1227P   1055
110,1.669646613593D0,0D0,0D0,9.885028679776D-2,0D0,0D0;             1229P   1056
110,9.885028679776D-2,0D0,0D0,9.885028679776D-2,                    1231P   1057
-3.141592653590D0,0D0;                                              1231P   1058
102,4,1225,1227,1229,1231;                                          1233P   1059
142,0,1213,1233,1223,1;                                             1235P   1060
144,1213,1,0,1235;                                                  1237P   1061
110,-3.1732D0,1.95D0,-6.05D0,-3.1732D0,2.95D0,-6.05D0;              1239P   1062
124,-9.691334497484D-1,-2.444953837474D-1,3.166013115880D-2,        1241P   1063
-4.072748823154D0,-2.446180126180D-1,9.696195273935D-1,0D0,         1241P   1064
1.95D0,-3.069828141141D-2,-7.744638363289D-3,-9.994986923928D-1,    1241P   1065
-6.078494118043D0;                                                  1241P   1066
100,0D0,0D0,0D0,1D-1,0D0,-4.743728035732D-2,8.803240558056D-2;      1243P   1067
120,1239,1243,-3.116643102566D-2,3.236089931416D0;                  1245P   1068
124,1D0,0D0,0D0,-3.1732D0,0D0,0D0,-1D0,1.95D0,0D0,1D0,0D0,          1247P   1069
-6.05D0;                                                            1247P   1070
100,0D0,0D0,0D0,1D0,0D0,-1D0,0D0;                                   1249P   1071
124,-1D0,0D0,0D0,-4.0732D0,0D0,1D0,0D0,1.95D0,0D0,0D0,-1D0,         1251P   1072
-6.05D0;                                                            1251P   1073
100,0D0,0D0,0D0,1D-1,0D0,0D0,1D-1;                                  1253P   1074
102,4,205,193,1249,1253;                                            1255P   1075
110,1.817922043789D0,3.166542270809D-2,0D0,1.817922043789D0,        1257P   1076
3.173258076298D0,0D0;                                               1257P   1077
110,1.817922043789D0,3.173258076298D0,0D0,2.471257169944D-1,        1259P   1078
3.173258076051D0,0D0;                                               1259P   1079
110,2.471257169944D-1,3.173258076051D0,0D0,2.471257169944D-1,       1261P   1080
3.166542209822D-2,0D0;                                              1261P   1081
110,2.471257169944D-1,3.166542209822D-2,0D0,1.817922043789D0,       1263P   1082
3.166542270809D-2,0D0;                                              1263P   1083
102,4,1257,1259,1261,1263;                                          1265P   1084
142,0,1245,1265,1255,1;                                             1267P   1085
144,1245,1,0,1267;                                                  1269P   1086
110,-3.1732D0,8D-1,-6.05D0,-3.1732D0,1.8D0,-6.05D0;                 1271P   1087
110,-2.1732D0,1.125287428301D0,-6.05D0,-2.1732D0,                   1273P   1088
1.974712571699D0,-6.05D0;                                           1273P   1089
120,1271,1273,3.078760800518D0,6.346017160251D0;                    1275P   1090
110,-2.1732D0,1.95D0,-6.049999999786D0,-2.1732D0,1.15D0,-6.05D0;    1277P   1091
102,4,257,1277,261,263;                                             1279P   1092
110,9.709067103894D-1,3.141592653590D0,0D0,9.709067103894D-1,       1281P   1093
6.283185307180D0,0D0;                                               1281P   1094
110,9.709067103894D-1,6.283185307180D0,0D0,2.909328961061D-2,       1283P   1095
6.283185307180D0,0D0;                                               1283P   1096
110,2.909328961061D-2,6.283185307180D0,0D0,2.909328961061D-2,       1285P   1097
3.141592653590D0,0D0;                                               1285P   1098
110,2.909328961061D-2,3.141592653590D0,0D0,9.709067103894D-1,       1287P   1099
3.141592653590D0,0D0;                                               1287P   1100
102,4,1281,1283,1285,1287;                                          1289P   1101
142,0,1275,1289,1279,1;                                             1291P   1102
144,1275,1,0,1291;                                                  1293P   1103
110,-1.9732D0,4.72238D0,-4.85D0,-1.9732D0,3.72238D0,-4.85D0;        1295P   1104
110,-1.8732D0,1.174712571699D0,-4.85D0,-1.8732D0,                   1297P   1105
7.752874283006D-1,-4.85D0;                                          1297P   1106
120,1295,1297,-2.471257169944D-1,1.817922043789D0;                  1299P   1107
102,4,269,157,289,267;                                              1301P   1108
110,9.381296543098D-1,1.570796326795D0,0D0,6.187034569019D-2,       1303P   1109
1.570796326795D0,0D0;                                               1303P   1110
110,6.187034569019D-2,1.570796326795D0,0D0,6.187034569019D-2,       1305P   1111
0D0,0D0;                                                            1305P   1112
110,6.187034569019D-2,0D0,0D0,9.381296543098D-1,0D0,0D0;            1307P   1113
110,9.381296543098D-1,0D0,0D0,9.381296543098D-1,                    1309P   1114
1.570796326795D0,0D0;                                               1309P   1115
102,4,1303,1305,1307,1309;                                          1311P   1116
142,0,1299,1311,1301,1;                                             1313P   1117
144,1299,1,0,1313;                                                  1315P   1118
128,1,1,1,1,0,0,1,0,0,5.2D-2,5.2D-2,2.548D0,2.548D0,                1317P   1119
-2.471257169944D-2,-2.471257169944D-2,3.747125716994D-1,            1317P   1120
3.747125716994D-1,1D0,1D0,1D0,1D0,-4.4212D0,7.752874283006D-1,      1317P   1121
-4.75D0,-1.9252D0,7.752874283006D-1,-4.75D0,-4.4212D0,              1317P   1122
1.174712571699D0,-4.75D0,-1.9252D0,1.174712571699D0,-4.75D0,        1317P   1123
5.2D-2,2.548D0,-2.471257169944D-2,3.747125716994D-1;                1317P   1124
110,-1.9732D0,1.15D0,-4.75D0,-4.3732D0,1.15D0,-4.75D0;              1319P   1125
110,-3.4732D0,9D-1,-4.75D0,-2.8732D0,9D-1,-4.75D0;                  1321P   1126
110,-2.8732D0,9D-1,-4.75D0,-2.8732D0,8D-1,-4.75D0;                  1323P   1127
102,8,269,1319,277,77,275,1321,1323,85;                             1325P   1128
110,2.5D0,0D0,0D0,2.5D0,3.5D-1,0D0;                                 1327P   1129
110,2.5D0,3.5D-1,0D0,1D-1,3.5D-1,0D0;                               1329P   1130
110,1D-1,3.5D-1,0D0,1D-1,0D0,0D0;                                   1331P   1131
110,1D-1,0D0,0D0,1D0,0D0,0D0;                                       1333P   1132
110,1D0,0D0,0D0,1D0,1D-1,0D0;                                       1335P   1133
110,1D0,1D-1,0D0,1.6D0,1D-1,0D0;                                    1337P   1134
110,1.6D0,1D-1,0D0,1.6D0,0D0,0D0;                                   1339P   1135
110,1.6D0,0D0,0D0,2.5D0,0D0,0D0;                                    1341P   1136
102,8,1327,1329,1331,1333,1335,1337,1339,1341;                      1343P   1137
142,0,1317,1343,1325,1;                                             1345P   1138
144,1317,1,0,1345;                                                  1347P   1139
128,1,1,1,1,0,0,1,0,0,-2.471257169944D-2,-2.471257169944D-2,        1349P   1140
1.247125716994D-1,1.247125716994D-1,-2.471257169944D-2,             1349P   1141
-2.471257169944D-2,2.247125716994D-1,2.247125716994D-1,1D0,1D0,     1349P   1142
1D0,1D0,-2.8732D0,7.752874283006D-1,-4.774712571699D0,-2.8732D0,    1349P   1143
9.247125716994D-1,-4.774712571699D0,-2.8732D0,7.752874283006D-1,    1349P   1144
-4.525287428301D0,-2.8732D0,9.247125716994D-1,-4.525287428301D0,    1349P   1145
-2.471257169944D-2,1.247125716994D-1,-2.471257169944D-2,            1349P   1146
2.247125716994D-1;                                                  1349P   1147
110,-2.8732D0,8D-1,-4.55D0,-2.8732D0,8D-1,-4.75D0;                  1351P   1148
110,-2.8732D0,9D-1,-4.55D0,-2.8732D0,8D-1,-4.55D0;                  1353P   1149
102,4,1351,271,287,1353;                                            1355P   1150
110,0D0,2D-1,0D0,0D0,0D0,0D0;                                       1357P   1151
110,0D0,0D0,0D0,1D-1,0D0,0D0;                                       1359P   1152
110,1D-1,0D0,0D0,1D-1,2D-1,0D0;                                     1361P   1153
110,1D-1,2D-1,0D0,0D0,2D-1,0D0;                                     1363P   1154
102,4,1357,1359,1361,1363;                                          1365P   1155
142,0,1349,1365,1355,1;                                             1367P   1156
144,1349,1,0,1367;                                                  1369P   1157
128,1,1,1,1,0,0,1,0,0,-3.497912571699D0,-3.497912571699D0,          1371P   1158
-2.848487428301D0,-2.848487428301D0,-3.747125716994D-1,             1371P   1159
-3.747125716994D-1,-2.252874283006D-1,-2.252874283006D-1,1D0,       1371P   1160
1D0,1D0,1D0,-3.497912571699D0,7.752874283006D-1,-4.55D0,            1371P   1161
-2.848487428301D0,7.752874283006D-1,-4.55D0,-3.497912571699D0,      1371P   1162
9.247125716994D-1,-4.55D0,-2.848487428301D0,9.247125716994D-1,      1371P   1163
-4.55D0,-3.497912571699D0,-2.848487428301D0,-3.747125716994D-1,     1371P   1164
-2.252874283006D-1;                                                 1371P   1165
102,4,81,283,281,279;                                               1373P   1166
110,-3.4732D0,-3.5D-1,0D0,-2.8732D0,-3.5D-1,0D0;                    1375P   1167
110,-2.8732D0,-3.5D-1,0D0,-2.8732D0,-2.5D-1,0D0;                    1377P   1168
110,-2.8732D0,-2.5D-1,0D0,-3.4732D0,-2.5D-1,0D0;                    1379P   1169
110,-3.4732D0,-2.5D-1,0D0,-3.4732D0,-3.5D-1,0D0;                    1381P   1170
102,4,1375,1377,1379,1381;                                          1383P   1171
142,0,1371,1383,1373,1;                                             1385P   1172
144,1371,1,0,1385;                                                  1387P   1173
128,1,1,1,1,0,0,1,0,0,-2.471257169944D-2,-2.471257169944D-2,        1389P   1174
1.247125716994D-1,1.247125716994D-1,-2.471257169944D-2,             1389P   1175
-2.471257169944D-2,2.247125716994D-1,2.247125716994D-1,1D0,1D0,     1389P   1176
1D0,1D0,-3.4732D0,9.247125716994D-1,-4.774712571699D0,-3.4732D0,    1389P   1177
7.752874283006D-1,-4.774712571699D0,-3.4732D0,9.247125716994D-1,    1389P   1178
-4.525287428301D0,-3.4732D0,7.752874283006D-1,-4.525287428301D0,    1389P   1179
-2.471257169944D-2,1.247125716994D-1,-2.471257169944D-2,            1389P   1180
2.247125716994D-1;                                                  1389P   1181
110,-3.4732D0,8D-1,-4.55D0,-3.4732D0,9D-1,-4.55D0;                  1391P   1182
110,-3.4732D0,9D-1,-4.55D0,-3.4732D0,9D-1,-4.75D0;                  1393P   1183
110,-3.4732D0,9D-1,-4.75D0,-3.4732D0,8D-1,-4.75D0;                  1395P   1184
102,4,79,1391,1393,1395;                                            1397P   1185
110,1D-1,0D0,0D0,1D-1,2D-1,0D0;                                     1399P   1186
110,1D-1,2D-1,0D0,0D0,2D-1,0D0;                                     1401P   1187
110,0D0,2D-1,0D0,0D0,0D0,0D0;                                       1403P   1188
110,0D0,0D0,0D0,1D-1,0D0,0D0;                                       1405P   1189
102,4,1399,1401,1403,1405;                                          1407P   1190
142,0,1389,1407,1397,1;                                             1409P   1191
144,1389,1,0,1409;                                                  1411P   1192
128,1,1,1,1,0,0,1,0,0,-2.471257169944D-2,-2.471257169944D-2,        1413P   1193
6.247125716994D-1,6.247125716994D-1,-2.471257169944D-2,             1413P   1194
-2.471257169944D-2,2.247125716994D-1,2.247125716994D-1,1D0,1D0,     1413P   1195
1D0,1D0,-2.848487428301D0,9D-1,-4.774712571699D0,                   1413P   1196
-3.497912571699D0,9D-1,-4.774712571699D0,-2.848487428301D0,9D-1,    1413P   1197
-4.525287428301D0,-3.497912571699D0,9D-1,-4.525287428301D0,         1413P   1198
-2.471257169944D-2,6.247125716994D-1,-2.471257169944D-2,            1413P   1199
2.247125716994D-1;                                                  1413P   1200
110,-3.4732D0,9D-1,-4.55D0,-2.8732D0,9D-1,-4.55D0;                  1415P   1201
110,-2.8732D0,9D-1,-4.55D0,-2.8732D0,9D-1,-4.75D0;                  1417P   1202
102,4,273,285,1415,1417;                                            1419P   1203
110,0D0,0D0,0D0,6D-1,0D0,0D0;                                       1421P   1204
110,6D-1,0D0,0D0,6D-1,2D-1,0D0;                                     1423P   1205
110,6D-1,2D-1,0D0,0D0,2D-1,0D0;                                     1425P   1206
110,0D0,2D-1,0D0,0D0,0D0,0D0;                                       1427P   1207
102,4,1421,1423,1425,1427;                                          1429P   1208
142,0,1413,1429,1419,1;                                             1431P   1209
144,1413,1,0,1431;                                                  1433P   1210
128,1,1,1,1,0,0,1,0,0,5.8D-2,5.8D-2,2.242D0,2.242D0,                1435P   1211
-2.471257169944D-2,-2.471257169944D-2,3.747125716994D-1,            1435P   1212
3.747125716994D-1,1D0,1D0,1D0,1D0,-1.8732D0,7.752874283006D-1,      1435P   1213
-4.808D0,-1.8732D0,7.752874283006D-1,-6.992D0,-1.8732D0,            1435P   1214
1.174712571699D0,-4.808D0,-1.8732D0,1.174712571699D0,-6.992D0,      1435P   1215
5.8D-2,2.242D0,-2.471257169944D-2,3.747125716994D-1;                1435P   1216
110,-1.8732D0,9.5D-1,-5.15D0,-1.8732D0,9.5D-1,-6.95D0;              1437P   1217
110,-1.8732D0,9.5D-1,-6.95D0,-1.8732D0,1.15D0,-6.95D0;              1439P   1218
110,-1.8732D0,1.15D0,-6.95D0,-1.8732D0,1.15D0,-4.85D0;              1441P   1219
102,6,289,87,295,1437,1439,1441;                                    1443P   1220
110,1D-1,3.5D-1,0D0,1D-1,0D0,0D0;                                   1445P   1221
110,1D-1,0D0,0D0,4D-1,0D0,0D0;                                      1447P   1222
110,4D-1,0D0,0D0,4D-1,1.5D-1,0D0;                                   1449P   1223
110,4D-1,1.5D-1,0D0,2.2D0,1.5D-1,0D0;                               1451P   1224
110,2.2D0,1.5D-1,0D0,2.2D0,3.5D-1,0D0;                              1453P   1225
110,2.2D0,3.5D-1,0D0,1D-1,3.5D-1,0D0;                               1455P   1226
102,6,1445,1447,1449,1451,1453,1455;                                1457P   1227
142,0,1435,1457,1443,1;                                             1459P   1228
144,1435,1,0,1459;                                                  1461P   1229
128,1,1,1,1,0,0,1,0,0,-3.075552841741D-1,-3.075552841741D-1,        1463P   1230
3.075552841741D-1,3.075552841741D-1,-1.997125716994D-1,             1463P   1231
-1.997125716994D-1,1.997125716995D-1,1.997125716995D-1,1D0,1D0,     1463P   1232
1D0,1D0,-2.290674427029D0,1.174712571699D0,-7.367474427029D0,       1463P   1233
-1.855725572971D0,1.174712571699D0,-6.932525572971D0,               1463P   1234
-2.290674427029D0,7.752874283006D-1,-7.367474427029D0,              1463P   1235
-1.855725572971D0,7.752874283006D-1,-6.932525572971D0,              1463P   1236
-3.075552841741D-1,3.075552841741D-1,-1.997125716994D-1,            1463P   1237
1.997125716995D-1;                                                  1463P   1238
110,-1.8732D0,8D-1,-6.95D0,-2.2732D0,8D-1,-7.35D0;                  1465P   1239
110,-2.2732D0,8D-1,-7.35D0,-2.2732D0,1.15D0,-7.35D0;                1467P   1240
110,-2.2732D0,1.15D0,-7.35D0,-1.8732D0,1.15D0,-6.95D0;              1469P   1241
102,5,301,1465,1467,1469,291;                                       1471P   1242
110,2.828427124746D-1,2.500000000002D-2,0D0,2.828427124746D-1,      1473P   1243
1.75D-1,0D0;                                                        1473P   1244
110,2.828427124746D-1,1.75D-1,0D0,-2.828427124746D-1,1.75D-1,       1475P   1245
0D0;                                                                1475P   1246
110,-2.828427124746D-1,1.75D-1,0D0,-2.828427124746D-1,-1.75D-1,     1477P   1247
0D0;                                                                1477P   1248
110,-2.828427124746D-1,-1.75D-1,0D0,2.828427124746D-1,-1.75D-1,     1479P   1249
0D0;                                                                1479P   1250
110,2.828427124746D-1,-1.75D-1,0D0,2.828427124746D-1,               1481P   1251
2.500000000002D-2,0D0;                                              1481P   1252
102,5,1473,1475,1477,1479,1481;                                     1483P   1253
142,0,1463,1483,1471,1;                                             1485P   1254
144,1463,1,0,1485;                                                  1487P   1255
128,1,1,1,1,0,0,1,0,0,-2.471257169944D-2,-2.471257169944D-2,        1489P   1256
1.747125716994D-1,1.747125716994D-1,4.4D-2,4.4D-2,2.956D0,          1489P   1257
2.956D0,1D0,1D0,1D0,1D0,-4.6292D0,7.752874283006D-1,-6.95D0,        1489P   1258
-4.6292D0,9.747125716994D-1,-6.95D0,-1.7172D0,7.752874283006D-1,    1489P   1259
-6.95D0,-1.7172D0,9.747125716994D-1,-6.95D0,-2.471257169944D-2,     1489P   1260
1.747125716994D-1,4.4D-2,2.956D0;                                   1489P   1261
110,-1.7732D0,8D-1,-6.95D0,-1.8732D0,8D-1,-6.95D0;                  1491P   1262
110,-1.8732D0,8D-1,-6.95D0,-1.8732D0,9.5D-1,-6.95D0;                1493P   1263
102,4,299,1491,1493,313;                                            1495P   1264
110,1.5D-1,2.9D0,0D0,0D0,2.9D0,0D0;                                 1497P   1265
110,0D0,2.9D0,0D0,0D0,2.8D0,0D0;                                    1499P   1266
110,0D0,2.8D0,0D0,1.5D-1,2.8D0,0D0;                                 1501P   1267
110,1.5D-1,2.8D0,0D0,1.5D-1,2.9D0,0D0;                              1503P   1268
102,4,1497,1499,1501,1503;                                          1505P   1269
142,0,1489,1505,1495,1;                                             1507P   1270
144,1489,1,0,1507;                                                  1509P   1271
128,1,1,1,1,0,0,1,0,0,-2.471257169944D-2,-2.471257169944D-2,        1511P   1272
1.747125716994D-1,1.747125716994D-1,4.4D-2,4.4D-2,2.956D0,          1511P   1273
2.956D0,1D0,1D0,1D0,1D0,-4.6292D0,7.752874283006D-1,-6.95D0,        1511P   1274
-4.6292D0,9.747125716994D-1,-6.95D0,-1.7172D0,7.752874283006D-1,    1511P   1275
-6.95D0,-1.7172D0,9.747125716994D-1,-6.95D0,-2.471257169944D-2,     1511P   1276
1.747125716994D-1,4.4D-2,2.956D0;                                   1511P   1277
110,-4.4732D0,9.5D-1,-6.95D0,-4.4732D0,8D-1,-6.95D0;                1513P   1278
110,-4.4732D0,8D-1,-6.95D0,-4.5732D0,8D-1,-6.95D0;                  1515P   1279
102,4,303,327,1513,1515;                                            1517P   1280
110,0D0,1D-1,0D0,1.5D-1,1D-1,0D0;                                   1519P   1281
110,1.5D-1,1D-1,0D0,1.5D-1,2D-1,0D0;                                1521P   1282
110,1.5D-1,2D-1,0D0,0D0,2D-1,0D0;                                   1523P   1283
110,0D0,2D-1,0D0,0D0,1D-1,0D0;                                      1525P   1284
102,4,1519,1521,1523,1525;                                          1527P   1285
142,0,1511,1527,1517,1;                                             1529P   1286
144,1511,1,0,1529;                                                  1531P   1287
110,-1.7732D0,-2.67238D0,-6.85D0,-1.7732D0,-1.67238D0,-6.85D0;      1533P   1288
110,-1.6732D0,7.752874283006D-1,-6.85D0,-1.6732D0,                  1535P   1289
9.747125716994D-1,-6.85D0;                                          1535P   1290
120,1533,1535,-2.471257169944D-1,1.817922043789D0;                  1537P   1291
102,4,317,299,307,359;                                              1539P   1292
110,8.760809631210D-1,0D0,0D0,8.760809631210D-1,                    1541P   1293
1.570796326795D0,0D0;                                               1541P   1294
110,8.760809631210D-1,1.570796326795D0,0D0,1.239190368790D-1,       1543P   1295
1.570796326795D0,0D0;                                               1543P   1296
110,1.239190368790D-1,1.570796326795D0,0D0,1.239190368790D-1,       1545P   1297
0D0,0D0;                                                            1545P   1298
110,1.239190368790D-1,0D0,0D0,8.760809631210D-1,0D0,0D0;            1547P   1299
102,4,1541,1543,1545,1547;                                          1549P   1300
142,0,1537,1549,1539,1;                                             1551P   1301
144,1537,1,0,1551;                                                  1553P   1302
128,1,1,1,1,0,0,1,0,0,-3.6D-2,-3.6D-2,1.836D0,1.836D0,-6D-2,        1555P   1303
-6D-2,3.06D0,3.06D0,1D0,1D0,1D0,1D0,-4.7332D0,9.5D-1,-6.986D0,      1555P   1304
-4.7332D0,9.5D-1,-5.114D0,-1.6132D0,9.5D-1,-6.986D0,-1.6132D0,      1555P   1305
9.5D-1,-5.114D0,-3.6D-2,1.836D0,-6D-2,3.06D0;                       1555P   1306
110,-1.6732D0,9.5D-1,-5.25D0,-1.6732D0,9.5D-1,-6.85D0;              1557P   1307
110,-1.7732D0,9.5D-1,-6.95D0,-1.8732D0,9.5D-1,-6.95D0;              1559P   1308
102,6,311,1557,317,1559,293,335;                                    1561P   1309
126,6,3,0,0,1,0,0D0,0D0,0D0,0D0,2.5D-1,5D-1,7.5D-1,1D0,1D0,1D0,     1563P   1310
1D0,1D0,1D0,1D0,1D0,1D0,1D0,1D0,1.8D0,2.9D0,0D0,                    1563P   1311
1.800128016697D0,2.913132807795D0,0D0,1.794732157982D0,             1563P   1312
2.939239344629D0,0D0,1.772573141525D0,2.972573141525D0,0D0,         1563P   1313
1.739239344629D0,2.994732157982D0,0D0,1.713132807795D0,             1563P   1314
3.000128016697D0,0D0,1.7D0,3D0,0D0,0D0,1D0,0D0,0D0,1D0;             1563P   1315
110,1.7D0,3D0,0D0,1D-1,3D0,0D0;                                     1565P   1316
126,6,3,0,0,1,0,0D0,0D0,0D0,0D0,2.5D-1,5D-1,7.5D-1,1D0,1D0,1D0,     1567P   1317
1D0,1D0,1D0,1D0,1D0,1D0,1D0,1D0,1D-1,3D0,0D0,8.686719220495D-2,     1567P   1318
3.000128016697D0,0D0,6.076065537110D-2,2.994732157982D0,0D0,        1567P   1319
2.742685847468D-2,2.972573141525D0,0D0,5.267842018271D-3,           1567P   1320
2.939239344629D0,0D0,-1.280166969307D-4,2.913132807795D0,0D0,       1567P   1321
0D0,2.9D0,0D0,0D0,1D0,0D0,0D0,1D0;                                  1567P   1322
110,0D0,2.9D0,0D0,0D0,2.8D0,0D0;                                    1569P   1323
110,0D0,2.8D0,0D0,1.8D0,2.8D0,0D0;                                  1571P   1324
110,1.8D0,2.8D0,0D0,1.8D0,2.9D0,0D0;                                1573P   1325
102,6,1563,1565,1567,1569,1571,1573;                                1575P   1326
142,0,1555,1575,1561,1;                                             1577P   1327
144,1555,1,0,1577;                                                  1579P   1328
128,1,1,1,1,0,0,1,0,0,-3.6D-2,-3.6D-2,1.836D0,1.836D0,-6D-2,        1581P   1329
-6D-2,3.06D0,3.06D0,1D0,1D0,1D0,1D0,-4.7332D0,9.5D-1,-6.986D0,      1581P   1330
-4.7332D0,9.5D-1,-5.114D0,-1.6132D0,9.5D-1,-6.986D0,-1.6132D0,      1581P   1331
9.5D-1,-5.114D0,-3.6D-2,1.836D0,-6D-2,3.06D0;                       1581P   1332
110,-4.4732D0,9.5D-1,-5.15D0,-4.4732D0,9.5D-1,-6.95D0;              1583P   1333
110,-4.4732D0,9.5D-1,-6.95D0,-4.5732D0,9.5D-1,-6.95D0;              1585P   1334
102,6,321,339,1583,1585,325,349;                                    1587P   1335
126,6,3,0,0,1,0,0D0,0D0,0D0,0D0,2.5D-1,5D-1,7.5D-1,1D0,1D0,1D0,     1589P   1336
1D0,1D0,1D0,1D0,1D0,1D0,1D0,1D0,1.7D0,0D0,0D0,1.713132807795D0,     1589P   1337
-1.280166969308D-4,0D0,1.739239344629D0,5.267842018271D-3,0D0,      1589P   1338
1.772573141525D0,2.742685847468D-2,0D0,1.794732157982D0,            1589P   1339
6.076065537110D-2,0D0,1.800128016697D0,8.686719220495D-2,0D0,       1589P   1340
1.8D0,1D-1,0D0,0D0,1D0,0D0,0D0,1D0;                                 1589P   1341
110,1.8D0,1D-1,0D0,1.8D0,2D-1,0D0;                                  1591P   1342
110,1.8D0,2D-1,0D0,0D0,2D-1,0D0;                                    1593P   1343
110,0D0,2D-1,0D0,0D0,1D-1,0D0;                                      1595P   1344
126,6,3,0,0,1,0,0D0,0D0,0D0,0D0,2.5D-1,5D-1,7.5D-1,1D0,1D0,1D0,     1597P   1345
1D0,1D0,1D0,1D0,1D0,1D0,1D0,1D0,0D0,1D-1,0D0,-1.280166969306D-4,    1597P   1346
8.686719220495D-2,0D0,5.267842018271D-3,6.076065537110D-2,0D0,      1597P   1347
2.742685847468D-2,2.742685847468D-2,0D0,6.076065537110D-2,          1597P   1348
5.267842018270D-3,0D0,8.686719220495D-2,-1.280166969313D-4,0D0,     1597P   1349
1D-1,0D0,0D0,0D0,1D0,0D0,0D0,1D0;                                   1597P   1350
110,1D-1,0D0,0D0,1.7D0,0D0,0D0;                                     1599P   1351
102,6,1589,1591,1593,1595,1597,1599;                                1601P   1352
142,0,1581,1601,1587,1;                                             1603P   1353
144,1581,1,0,1603;                                                  1605P   1354
110,-1.7732D0,4.72238D0,-5.25D0,-1.7732D0,3.72238D0,-5.25D0;        1607P   1355
110,-1.6732D0,9.747125716994D-1,-5.25D0,-1.6732D0,                  1609P   1356
7.752874283006D-1,-5.25D0;                                          1609P   1357
120,1607,1609,-2.471257169944D-1,1.817922043789D0;                  1611P   1358
102,4,333,311,355,331;                                              1613P   1359
110,8.760809631210D-1,1.570796326795D0,0D0,1.239190368790D-1,       1615P   1360
1.570796326795D0,0D0;                                               1615P   1361
110,1.239190368790D-1,1.570796326795D0,0D0,1.239190368790D-1,       1617P   1362
0D0,0D0;                                                            1617P   1363
110,1.239190368790D-1,0D0,0D0,8.760809631210D-1,0D0,0D0;            1619P   1364
110,8.760809631210D-1,0D0,0D0,8.760809631210D-1,                    1621P   1365
1.570796326795D0,0D0;                                               1621P   1366
102,4,1615,1617,1619,1621;                                          1623P   1367
142,0,1611,1623,1613,1;                                             1625P   1368
144,1611,1,0,1625;                                                  1627P   1369
128,1,1,1,1,0,0,1,0,0,-2.471257169944D-2,-2.471257169944D-2,        1629P   1370
1.747125716994D-1,1.747125716994D-1,4.4D-2,4.4D-2,2.956D0,          1629P   1371
2.956D0,1D0,1D0,1D0,1D0,-4.6292D0,9.747125716994D-1,-5.15D0,        1629P   1372
-4.6292D0,7.752874283006D-1,-5.15D0,-1.7172D0,9.747125716994D-1,    1629P   1373
-5.15D0,-1.7172D0,7.752874283006D-1,-5.15D0,-2.471257169944D-2,     1629P   1374
1.747125716994D-1,4.4D-2,2.956D0;                                   1629P   1375
110,-1.7732D0,9.5D-1,-5.15D0,-1.8732D0,9.5D-1,-5.15D0;              1631P   1376
110,-1.8732D0,9.5D-1,-5.15D0,-1.8732D0,8D-1,-5.15D0;                1633P   1377
102,4,333,1631,1633,89;                                             1635P   1378
110,1.5D-1,2.9D0,0D0,0D0,2.9D0,0D0;                                 1637P   1379
110,0D0,2.9D0,0D0,0D0,2.8D0,0D0;                                    1639P   1380
110,0D0,2.8D0,0D0,1.5D-1,2.8D0,0D0;                                 1641P   1381
110,1.5D-1,2.8D0,0D0,1.5D-1,2.9D0,0D0;                              1643P   1382
102,4,1637,1639,1641,1643;                                          1645P   1383
142,0,1629,1645,1635,1;                                             1647P   1384
144,1629,1,0,1647;                                                  1649P   1385
128,1,1,1,1,0,0,1,0,0,-2.471257169944D-2,-2.471257169944D-2,        1651P   1386
1.747125716994D-1,1.747125716994D-1,4.4D-2,4.4D-2,2.956D0,          1651P   1387
2.956D0,1D0,1D0,1D0,1D0,-4.6292D0,9.747125716994D-1,-5.15D0,        1651P   1388
-4.6292D0,7.752874283006D-1,-5.15D0,-1.7172D0,9.747125716994D-1,    1651P   1389
-5.15D0,-1.7172D0,7.752874283006D-1,-5.15D0,-2.471257169944D-2,     1651P   1390
1.747125716994D-1,4.4D-2,2.956D0;                                   1651P   1391
110,-4.4732D0,9.5D-1,-5.15D0,-4.5732D0,9.5D-1,-5.15D0;              1653P   1392
102,4,337,103,143,1653;                                             1655P   1393
110,0D0,1D-1,0D0,1.5D-1,1D-1,0D0;                                   1657P   1394
110,1.5D-1,1D-1,0D0,1.5D-1,2D-1,0D0;                                1659P   1395
110,1.5D-1,2D-1,0D0,0D0,2D-1,0D0;                                   1661P   1396
110,0D0,2D-1,0D0,0D0,1D-1,0D0;                                      1663P   1397
102,4,1657,1659,1661,1663;                                          1665P   1398
142,0,1651,1665,1655,1;                                             1667P   1399
144,1651,1,0,1667;                                                  1669P   1400
110,-4.5732D0,-2.67238D0,-5.25D0,-4.5732D0,-1.67238D0,-5.25D0;      1671P   1401
110,-4.6732D0,7.752874283006D-1,-5.25D0,-4.6732D0,                  1673P   1402
9.747125716994D-1,-5.25D0;                                          1673P   1403
120,1671,1673,-2.471257169944D-1,1.817922043789D0;                  1675P   1404
102,4,321,337,343,345;                                              1677P   1405
110,8.760809631210D-1,0D0,0D0,8.760809631210D-1,                    1679P   1406
1.570796326795D0,0D0;                                               1679P   1407
110,8.760809631210D-1,1.570796326795D0,0D0,1.239190368790D-1,       1681P   1408
1.570796326795D0,0D0;                                               1681P   1409
110,1.239190368790D-1,1.570796326795D0,0D0,1.239190368790D-1,       1683P   1410
0D0,0D0;                                                            1683P   1411
110,1.239190368790D-1,0D0,0D0,8.760809631210D-1,0D0,0D0;            1685P   1412
102,4,1679,1681,1683,1685;                                          1687P   1413
142,0,1675,1687,1677,1;                                             1689P   1414
144,1675,1,0,1689;                                                  1691P   1415
128,1,1,1,1,0,0,1,0,0,5.218D0,5.218D0,6.882D0,6.882D0,              1693P   1416
-3.747125716994D-1,-3.747125716994D-1,-1.752874283006D-1,           1693P   1417
-1.752874283006D-1,1D0,1D0,1D0,1D0,-4.6732D0,7.752874283006D-1,     1693P   1418
-5.218D0,-4.6732D0,7.752874283006D-1,-6.882D0,-4.6732D0,            1693P   1419
9.747125716994D-1,-5.218D0,-4.6732D0,9.747125716994D-1,-6.882D0,    1693P   1420
5.218D0,6.882D0,-3.747125716994D-1,-1.752874283006D-1;              1693P   1421
110,-4.6732D0,9.5D-1,-5.25D0,-4.6732D0,8D-1,-5.25D0;                1695P   1422
110,-4.6732D0,8D-1,-6.85D0,-4.6732D0,9.5D-1,-6.85D0;                1697P   1423
102,4,1695,101,1697,349;                                            1699P   1424
110,5.25D0,-2D-1,0D0,5.25D0,-3.5D-1,0D0;                            1701P   1425
110,5.25D0,-3.5D-1,0D0,6.85D0,-3.5D-1,0D0;                          1703P   1426
110,6.85D0,-3.5D-1,0D0,6.85D0,-2D-1,0D0;                            1705P   1427
110,6.85D0,-2D-1,0D0,5.25D0,-2D-1,0D0;                              1707P   1428
102,4,1701,1703,1705,1707;                                          1709P   1429
142,0,1693,1709,1699,1;                                             1711P   1430
144,1693,1,0,1711;                                                  1713P   1431
110,-4.5732D0,4.72238D0,-6.85D0,-4.5732D0,3.72238D0,-6.85D0;        1715P   1432
110,-4.6732D0,9.747125716994D-1,-6.85D0,-4.6732D0,                  1717P   1433
7.752874283006D-1,-6.85D0;                                          1717P   1434
120,1715,1717,-2.471257169944D-1,1.817922043789D0;                  1719P   1435
102,4,303,325,347,353;                                              1721P   1436
110,8.760809631210D-1,1.570796326795D0,0D0,1.239190368790D-1,       1723P   1437
1.570796326795D0,0D0;                                               1723P   1438
110,1.239190368790D-1,1.570796326795D0,0D0,1.239190368790D-1,       1725P   1439
0D0,0D0;                                                            1725P   1440
110,1.239190368790D-1,0D0,0D0,8.760809631210D-1,0D0,0D0;            1727P   1441
110,8.760809631210D-1,0D0,0D0,8.760809631210D-1,                    1729P   1442
1.570796326795D0,0D0;                                               1729P   1443
102,4,1723,1725,1727,1729;                                          1731P   1444
142,0,1719,1731,1721,1;                                             1733P   1445
144,1719,1,0,1733;                                                  1735P   1446
128,1,1,1,1,0,0,1,0,0,5.218D0,5.218D0,6.882D0,6.882D0,              1737P   1447
-3.747125716994D-1,-3.747125716994D-1,-1.752874283006D-1,           1737P   1448
-1.752874283006D-1,1D0,1D0,1D0,1D0,-1.6732D0,7.752874283006D-1,     1737P   1449
-5.218D0,-1.6732D0,7.752874283006D-1,-6.882D0,-1.6732D0,            1737P   1450
9.747125716994D-1,-5.218D0,-1.6732D0,9.747125716994D-1,-6.882D0,    1737P   1451
5.218D0,6.882D0,-3.747125716994D-1,-1.752874283006D-1;              1737P   1452
102,4,355,91,359,357;                                               1739P   1453
110,5.25D0,-2D-1,0D0,5.25D0,-3.5D-1,0D0;                            1741P   1454
110,5.25D0,-3.5D-1,0D0,6.85D0,-3.5D-1,0D0;                          1743P   1455
110,6.85D0,-3.5D-1,0D0,6.85D0,-2D-1,0D0;                            1745P   1456
110,6.85D0,-2D-1,0D0,5.25D0,-2D-1,0D0;                              1747P   1457
102,4,1741,1743,1745,1747;                                          1749P   1458
142,0,1737,1749,1739,1;                                             1751P   1459
144,1737,1,0,1751;                                                  1753P   1460
128,1,1,1,1,0,0,1,0,0,3.58D-1,3.58D-1,2.542D0,2.542D0,              1755P   1461
-2.471257169944D-2,-2.471257169944D-2,3.747125716994D-1,            1755P   1462
3.747125716994D-1,1D0,1D0,1D0,1D0,-2.2312D0,7.752874283006D-1,      1755P   1463
-7.35D0,-4.4152D0,7.752874283006D-1,-7.35D0,-2.2312D0,              1755P   1464
1.174712571699D0,-7.35D0,-4.4152D0,1.174712571699D0,-7.35D0,        1755P   1465
3.58D-1,2.542D0,-2.471257169944D-2,3.747125716994D-1;               1755P   1466
110,-4.3732D0,1.15D0,-7.35D0,-3.4732D0,1.15D0,-7.35D0;              1757P   1467
110,-3.4732D0,9.5D-1,-7.35D0,-2.8732D0,9.5D-1,-7.35D0;              1759P   1468
110,-2.8732D0,9.5D-1,-7.35D0,-2.8732D0,1.15D0,-7.35D0;              1761P   1469
110,-2.8732D0,1.15D0,-7.35D0,-2.2732D0,1.15D0,-7.35D0;              1763P   1470
102,8,361,1757,369,1759,1761,1763,363,95;                           1765P   1471
110,2.5D0,0D0,0D0,2.5D0,3.5D-1,0D0;                                 1767P   1472
110,2.5D0,3.5D-1,0D0,1.6D0,3.5D-1,0D0;                              1769P   1473
110,1.6D0,3.5D-1,0D0,1.6D0,1.5D-1,0D0;                              1771P   1474
110,1.6D0,1.5D-1,0D0,1D0,1.5D-1,0D0;                                1773P   1475
110,1D0,1.5D-1,0D0,1D0,3.5D-1,0D0;                                  1775P   1476
110,1D0,3.5D-1,0D0,4D-1,3.5D-1,0D0;                                 1777P   1477
110,4D-1,3.5D-1,0D0,4D-1,0D0,0D0;                                   1779P   1478
110,4D-1,0D0,0D0,2.5D0,0D0,0D0;                                     1781P   1479
102,8,1767,1769,1771,1773,1775,1777,1779,1781;                      1783P   1480
142,0,1755,1783,1765,1;                                             1785P   1481
144,1755,1,0,1785;                                                  1787P   1482
110,-4.3732D0,4.72238D0,-7.25D0,-4.3732D0,3.72238D0,-7.25D0;        1789P   1483
110,-4.4732D0,1.174712571699D0,-7.25D0,-4.4732D0,                   1791P   1484
7.752874283006D-1,-7.25D0;                                          1791P   1485
120,1789,1791,-2.471257169944D-1,1.817922043789D0;                  1793P   1486
102,4,361,169,149,373;                                              1795P   1487
110,9.381296543098D-1,1.570796326795D0,0D0,6.187034569019D-2,       1797P   1488
1.570796326795D0,0D0;                                               1797P   1489
110,6.187034569019D-2,1.570796326795D0,0D0,6.187034569019D-2,       1799P   1490
0D0,0D0;                                                            1799P   1491
110,6.187034569019D-2,0D0,0D0,9.381296543098D-1,0D0,0D0;            1801P   1492
110,9.381296543098D-1,0D0,0D0,9.381296543098D-1,                    1803P   1493
1.570796326795D0,0D0;                                               1803P   1494
102,4,1797,1799,1801,1803;                                          1805P   1495
142,0,1793,1805,1795,1;                                             1807P   1496
144,1793,1,0,1807;                                                  1809P   1497
128,1,1,1,1,0,0,1,0,0,-2.471257169944D-2,-2.471257169944D-2,        1811P   1498
2.247125716994D-1,2.247125716994D-1,-2.471257169944D-2,             1811P   1499
-2.471257169944D-2,2.247125716994D-1,2.247125716994D-1,1D0,1D0,     1811P   1500
1D0,1D0,-2.8732D0,1.174712571699D0,-7.325287428301D0,-2.8732D0,     1811P   1501
9.252874283006D-1,-7.325287428301D0,-2.8732D0,1.174712571699D0,     1811P   1502
-7.574712571699D0,-2.8732D0,9.252874283006D-1,-7.574712571699D0,    1811P   1503
-2.471257169944D-2,2.247125716994D-1,-2.471257169944D-2,            1811P   1504
2.247125716994D-1;                                                  1811P   1505
110,-2.8732D0,9.5D-1,-7.55D0,-2.8732D0,1.15D0,-7.55D0;              1813P   1506
110,-2.8732D0,1.15D0,-7.55D0,-2.8732D0,1.15D0,-7.35D0;              1815P   1507
102,4,365,387,1813,1815;                                            1817P   1508
110,0D0,0D0,0D0,2D-1,0D0,0D0;                                       1819P   1509
110,2D-1,0D0,0D0,2D-1,2D-1,0D0;                                     1821P   1510
110,2D-1,2D-1,0D0,0D0,2D-1,0D0;                                     1823P   1511
110,0D0,2D-1,0D0,0D0,0D0,0D0;                                       1825P   1512
102,4,1819,1821,1823,1825;                                          1827P   1513
142,0,1811,1827,1817,1;                                             1829P   1514
144,1811,1,0,1829;                                                  1831P   1515
128,1,1,1,1,0,0,1,0,0,-3.497912571699D0,-3.497912571699D0,          1833P   1516
-2.848487428301D0,-2.848487428301D0,-2.471257169944D-2,             1833P   1517
-2.471257169944D-2,2.247125716994D-1,2.247125716994D-1,1D0,1D0,     1833P   1518
1D0,1D0,-3.497912571699D0,1.174712571699D0,-7.55D0,                 1833P   1519
-2.848487428301D0,1.174712571699D0,-7.55D0,-3.497912571699D0,       1833P   1520
9.252874283006D-1,-7.55D0,-2.848487428301D0,9.252874283006D-1,      1833P   1521
-7.55D0,-3.497912571699D0,-2.848487428301D0,-2.471257169944D-2,     1833P   1522
2.247125716994D-1;                                                  1833P   1523
102,4,377,383,381,379;                                              1835P   1524
110,-2.8732D0,0D0,0D0,-2.8732D0,2D-1,0D0;                           1837P   1525
110,-2.8732D0,2D-1,0D0,-3.4732D0,2D-1,0D0;                          1839P   1526
110,-3.4732D0,2D-1,0D0,-3.4732D0,0D0,0D0;                           1841P   1527
110,-3.4732D0,0D0,0D0,-2.8732D0,0D0,0D0;                            1843P   1528
102,4,1837,1839,1841,1843;                                          1845P   1529
142,0,1833,1845,1835,1;                                             1847P   1530
144,1833,1,0,1847;                                                  1849P   1531
128,1,1,1,1,0,0,1,0,0,-2.471257169944D-2,-2.471257169944D-2,        1851P   1532
2.247125716994D-1,2.247125716994D-1,-2.471257169944D-2,             1851P   1533
-2.471257169944D-2,2.247125716994D-1,2.247125716994D-1,1D0,1D0,     1851P   1534
1D0,1D0,-3.4732D0,9.252874283006D-1,-7.325287428301D0,-3.4732D0,    1851P   1535
1.174712571699D0,-7.325287428301D0,-3.4732D0,9.252874283006D-1,     1851P   1536
-7.574712571699D0,-3.4732D0,1.174712571699D0,-7.574712571699D0,     1851P   1537
-2.471257169944D-2,2.247125716994D-1,-2.471257169944D-2,            1851P   1538
2.247125716994D-1;                                                  1851P   1539
110,-3.4732D0,9.5D-1,-7.35D0,-3.4732D0,1.15D0,-7.35D0;              1853P   1540
110,-3.4732D0,1.15D0,-7.55D0,-3.4732D0,9.5D-1,-7.55D0;              1855P   1541
110,-3.4732D0,9.5D-1,-7.55D0,-3.4732D0,9.5D-1,-7.35D0;              1857P   1542
102,4,1853,173,1855,1857;                                           1859P   1543
110,0D0,0D0,0D0,2D-1,0D0,0D0;                                       1861P   1544
110,2D-1,0D0,0D0,2D-1,2D-1,0D0;                                     1863P   1545
110,2D-1,2D-1,0D0,0D0,2D-1,0D0;                                     1865P   1546
110,0D0,2D-1,0D0,0D0,0D0,0D0;                                       1867P   1547
102,4,1861,1863,1865,1867;                                          1869P   1548
142,0,1851,1869,1859,1;                                             1871P   1549
144,1851,1,0,1871;                                                  1873P   1550
128,1,1,1,1,0,0,1,0,0,-2.471257169944D-2,-2.471257169944D-2,        1875P   1551
6.247125716994D-1,6.247125716994D-1,-2.471257169944D-2,             1875P   1552
-2.471257169944D-2,2.247125716994D-1,2.247125716994D-1,1D0,1D0,     1875P   1553
1D0,1D0,-2.848487428301D0,9.5D-1,-7.325287428301D0,                 1875P   1554
-3.497912571699D0,9.5D-1,-7.325287428301D0,-2.848487428301D0,       1875P   1555
9.5D-1,-7.574712571699D0,-3.497912571699D0,9.5D-1,                  1875P   1556
-7.574712571699D0,-2.471257169944D-2,6.247125716994D-1,             1875P   1557
-2.471257169944D-2,2.247125716994D-1;                               1875P   1558
110,-3.4732D0,9.5D-1,-7.55D0,-2.8732D0,9.5D-1,-7.55D0;              1877P   1559
110,-2.8732D0,9.5D-1,-7.55D0,-2.8732D0,9.5D-1,-7.35D0;              1879P   1560
102,4,367,385,1877,1879;                                            1881P   1561
110,0D0,0D0,0D0,6D-1,0D0,0D0;                                       1883P   1562
110,6D-1,0D0,0D0,6D-1,2D-1,0D0;                                     1885P   1563
110,6D-1,2D-1,0D0,0D0,2D-1,0D0;                                     1887P   1564
110,0D0,2D-1,0D0,0D0,0D0,0D0;                                       1889P   1565
102,4,1883,1885,1887,1889;                                          1891P   1566
142,0,1875,1891,1881,1;                                             1893P   1567
144,1875,1,0,1893;                                                  1895P   1568
S      1G      4D   1896P   1568                                        T      1
